"geneName","teName","coef","pair","group"
"ZNF506","AluJr4",0.586097725950869,"AluJr4:ZNF506","positive"
"ZNF506","HUERS-P3-int",-0.659701833418538,"HUERS-P3-int:ZNF506","negative"
"ZNF506","HUERS-P3b-int",-0.567787630652975,"HUERS-P3b-int:ZNF506","negative"
"ZNF506","LTR10B1",-0.499386267700184,"LTR10B1:ZNF506","negative"
"ZNF506","LTR12C",-0.537016336193792,"LTR12C:ZNF506","negative"
"ZNF506","LTR13",-0.655290229590136,"LTR13:ZNF506","negative"
"ZNF506","LTR25-int",-0.611902602374087,"LTR25-int:ZNF506","negative"
"ZNF506","LTR41",-0.568626166906794,"LTR41:ZNF506","negative"
"ZNF506","LTR8",-0.525568830627979,"LTR8:ZNF506","negative"
"ZNF506","MER52C",-0.450490054937328,"MER52C:ZNF506","negative"
"ZNF506","MER61D",-0.458959985740581,"MER61D:ZNF506","negative"
"ZNF506","MER66B",-0.563354532964593,"MER66B:ZNF506","negative"
"ZNF506","MER9a3",-0.594463314841699,"MER9a3:ZNF506","negative"
"ZNF506","MLT1A",-0.637865813047854,"MLT1A:ZNF506","negative"
"ZNF506","MLT1G1",-0.605698855252342,"MLT1G1:ZNF506","negative"
"ZNF506","MST-int",-0.585521492086073,"MST-int:ZNF506","negative"
"ZNF506","MSTA-int",-0.669854087876646,"MSTA-int:ZNF506","negative"
"ZNF506","MamGypLTR3",-0.456133438026896,"MamGypLTR3:ZNF506","negative"
"ZNF506","THE1A-int",-0.62240751305196,"THE1A-int:ZNF506","negative"
"ZNF506","THE1B-int",-0.621083845671323,"THE1B-int:ZNF506","negative"
"ZNF506","THE1C-int",-0.587768195908576,"THE1C-int:ZNF506","negative"
"ZNF506","THE1D-int",-0.553150175643731,"THE1D-int:ZNF506","negative"
"ZNF671","Harlequin-int",0.548755665731103,"Harlequin-int:ZNF671","positive"
"ZNF671","LTR13_",0.729115206955696,"LTR13_:ZNF671","positive"
"ZNF671","MLT2B3",0.749404261491951,"MLT2B3:ZNF671","positive"
"ZNF264","MLT1A",0.491192933711771,"MLT1A:ZNF264","positive"
"ZNF264","MLT1B",0.515552314070519,"MLT1B:ZNF264","positive"
"ZNF684","LTR33B",0.482229151113929,"LTR33B:ZNF684","positive"
"ZNF684","MER11B",0.548815932483321,"MER11B:ZNF684","positive"
"ZNF684","MER11C",0.493979965943803,"MER11C:ZNF684","positive"
"ZNF684","MLT1H",0.492476453969394,"MLT1H:ZNF684","positive"
"ZNF430","THE1C",-0.70691639581902,"THE1C:ZNF430","negative"
"ZNF549","Charlie3",0.507320839599875,"Charlie3:ZNF549","positive"
"ZNF549","MER1A",0.829897690112325,"MER1A:ZNF549","positive"
"ZNF549","MER57A1",-0.465364662354275,"MER57A1:ZNF549","negative"
"ZNF549","MER57C1",0.657601374839608,"MER57C1:ZNF549","positive"
"ZNF549","MER57E1",0.624398270858818,"MER57E1:ZNF549","positive"
"ZNF211","L1M3",-0.583573574795152,"L1M3:ZNF211","negative"
"ZNF211","L1MA6",-0.557586314982851,"L1MA6:ZNF211","negative"
"ZNF211","L1MCa",-0.676253603128438,"L1MCa:ZNF211","negative"
"ZNF211","L1MEc",-0.685070603769083,"L1MEc:ZNF211","negative"
"ZNF211","L1PA8A",-0.563494112805771,"L1PA8A:ZNF211","negative"
"ZNF211","L1PB1",-0.608580877186718,"L1PB1:ZNF211","negative"
"ZNF211","L1PB2",-0.525278308336571,"L1PB2:ZNF211","negative"
"ZNF45","L1MEb",-0.568804981550651,"L1MEb:ZNF45","negative"
"ZNF45","L1MEc",-0.666653940962833,"L1MEc:ZNF45","negative"
"ZNF45","L1MEf",-0.644770952814254,"L1MEf:ZNF45","negative"
"ZNF133","HAL1",-0.475155581141808,"HAL1:ZNF133","negative"
"ZNF133","HAL1b",-0.522117374582693,"HAL1b:ZNF133","negative"
"ZNF133","HERVK22-int",0.606067262346608,"HERVK22-int:ZNF133","positive"
"ZNF133","L1M4c",-0.537621189441599,"L1M4c:ZNF133","negative"
"ZNF133","L1M7",-0.504750143420243,"L1M7:ZNF133","negative"
"ZNF133","L1MB7",0.569888971245045,"L1MB7:ZNF133","positive"
"ZNF133","L1MC4",0.526700714582577,"L1MC4:ZNF133","positive"
"ZNF133","L1MCa",-0.532299083898747,"L1MCa:ZNF133","negative"
"ZNF133","L1MDa",-0.493444191322853,"L1MDa:ZNF133","negative"
"ZNF133","L1ME3A",0.488815954339118,"L1ME3A:ZNF133","positive"
"ZNF133","L1MEb",-0.643246050674778,"L1MEb:ZNF133","negative"
"ZNF133","L1MEc",-0.521957759071833,"L1MEc:ZNF133","negative"
"ZNF133","L1MEf",-0.527849627433132,"L1MEf:ZNF133","negative"
"ZNF133","L1MEg2",0.594876351706393,"L1MEg2:ZNF133","positive"
"ZNF133","L1P4",-0.447813246354976,"L1P4:ZNF133","negative"
"ZNF133","L1PB1",-0.468458643449526,"L1PB1:ZNF133","negative"
"ZNF133","L1PBa",-0.47403070675312,"L1PBa:ZNF133","negative"
"ZNF133","LTR10B1",0.547896814670844,"LTR10B1:ZNF133","positive"
"ZNF133","LTR7Y",0.636485151912537,"LTR7Y:ZNF133","positive"
"ZNF133","MER11A",0.660823562073702,"MER11A:ZNF133","positive"
"ZNF133","MER39",0.61339201922199,"MER39:ZNF133","positive"
"ZNF133","MER63A",0.646863947330274,"MER63A:ZNF133","positive"
"ZNF133","MER8",0.62413496891298,"MER8:ZNF133","positive"
"ZNF133","Tigger2",0.494012102340708,"Tigger2:ZNF133","positive"
"ZNF133","Tigger2a",0.603042734156742,"Tigger2a:ZNF133","positive"
"ZNF484","L1MB5",0.618299298076204,"L1MB5:ZNF484","positive"
"ZNF484","L1MB8",0.599958385438219,"L1MB8:ZNF484","positive"
"ZNF337","L1MA4A",-0.485782449077412,"L1MA4A:ZNF337","negative"
"ZNF317","L1MB4",0.561014002819878,"L1MB4:ZNF317","positive"
"ZNF317","L1MB5",0.632383415349174,"L1MB5:ZNF317","positive"
"ZNF317","L1MB7",0.642703075167959,"L1MB7:ZNF317","positive"
"ZNF317","L1MB8",0.668864303846482,"L1MB8:ZNF317","positive"
"ZNF317","L1MCa",-0.453321727542866,"L1MCa:ZNF317","negative"
"ZNF317","L1ME3",0.589346137235191,"L1ME3:ZNF317","positive"
"ZNF317","L1ME3A",0.660874062191774,"L1ME3A:ZNF317","positive"
"ZNF141","L1P1",0.506124711568514,"L1P1:ZNF141","positive"
"ZNF141","L1P3",0.512182391810653,"L1P3:ZNF141","positive"
"ZNF141","LTR17",-0.464221348756981,"LTR17:ZNF141","negative"
"ZNF141","LTR25-int",-0.546305953673599,"LTR25-int:ZNF141","negative"
"ZNF141","LTR27B",-0.518850532583406,"LTR27B:ZNF141","negative"
"ZNF141","SVA_D",-0.504196305582872,"SVA_D:ZNF141","negative"
"ZNF132","LTR16B1",0.53181367360139,"LTR16B1:ZNF132","positive"
"ZNF132","LTR16B2",0.586967594400472,"LTR16B2:ZNF132","positive"
"ZNF189","L2a",0.784210907372165,"L2a:ZNF189","positive"
"ZNF189","L2b",0.767545691810857,"L2b:ZNF189","positive"
"ZNF189","L2c",0.778019688707836,"L2c:ZNF189","positive"
"ZNF189","LTR41",0.837110137008777,"LTR41:ZNF189","positive"
"ZNF189","LTR9",0.611310179728868,"LTR9:ZNF189","positive"
"ZIM3","L1M1",0.677799930022654,"L1M1:ZIM3","positive"
"ZIM3","L1M2",0.679747581853485,"L1M2:ZIM3","positive"
"ZIM3","L1M2a",0.594732398248612,"L1M2a:ZIM3","positive"
"ZIM3","L1M2c",0.61212609196799,"L1M2c:ZIM3","positive"
"ZIM3","L1M3c",0.647984350212027,"L1M3c:ZIM3","positive"
"ZIM3","L1M3f",0.682942167822279,"L1M3f:ZIM3","positive"
"ZIM3","L1MA4",0.619533480810653,"L1MA4:ZIM3","positive"
"ZIM3","L1MA4A",0.622918118881992,"L1MA4A:ZIM3","positive"
"ZIM3","L1MA5",0.554351219432237,"L1MA5:ZIM3","positive"
"ZIM3","L1MCa",0.593198180965479,"L1MCa:ZIM3","positive"
"ZIM3","L1MCc",0.638418764830166,"L1MCc:ZIM3","positive"
"ZIM3","L1MDa",0.571232523708905,"L1MDa:ZIM3","positive"
"ZIM3","L1MEb",0.585098200186617,"L1MEb:ZIM3","positive"
"ZIM3","L1MEc",0.570513488358725,"L1MEc:ZIM3","positive"
"ZIM3","L1MEf",0.517144352013065,"L1MEf:ZIM3","positive"
"ZIM3","L1PA10",0.621633640699174,"L1PA10:ZIM3","positive"
"ZIM3","L1PA15-16",0.638962981769386,"L1PA15-16:ZIM3","positive"
"ZIM3","L1PA8A",0.569873304796438,"L1PA8A:ZIM3","positive"
"ZIM3","LTR41",-0.662597352151992,"LTR41:ZIM3","negative"
"ZIM3","LTR67B",-0.601128505120328,"LTR67B:ZIM3","negative"
"ZIM3","MER57E1",-0.601458079703226,"MER57E1:ZIM3","negative"
"ZIM3","MER75",-0.538472115734371,"MER75:ZIM3","negative"
"ZIM3","MLT1D",-0.623376743498322,"MLT1D:ZIM3","negative"
"ZIM3","MLT1E1",-0.556703052230101,"MLT1E1:ZIM3","negative"
"ZIM3","MLT1E1A",-0.478459003044785,"MLT1E1A:ZIM3","negative"
"ZIM3","MLT1E2",-0.551026957331217,"MLT1E2:ZIM3","negative"
"ZIM3","MLT1J",-0.660971427677102,"MLT1J:ZIM3","negative"
"ZIM3","MLT1K",-0.512786795225308,"MLT1K:ZIM3","negative"
"ZIM3","MLT1L",-0.605478582580779,"MLT1L:ZIM3","negative"
"ZIM3","MLT1N2",-0.449947775714072,"MLT1N2:ZIM3","negative"
"ZIM3","MSTC",-0.587748632864895,"MSTC:ZIM3","negative"
"ZIM3","THE1A",-0.648443474565619,"THE1A:ZIM3","negative"
"ZNF182","AluY",-0.46153387825609,"AluY:ZNF182","negative"
"ZNF182","AluYc",-0.512835284079219,"AluYc:ZNF182","negative"
"ZNF182","HAL1",-0.544696883128189,"HAL1:ZNF182","negative"
"ZNF182","L1M4c",-0.51538209212564,"L1M4c:ZNF182","negative"
"ZNF182","L1MDa",-0.492791210931576,"L1MDa:ZNF182","negative"
"ZNF182","L1MEc",-0.449577905620275,"L1MEc:ZNF182","negative"
"ZNF182","L1MEf",-0.493262718226967,"L1MEf:ZNF182","negative"
"ZNF182","L1MEg",-0.449624671623563,"L1MEg:ZNF182","negative"
"ZNF182","L1PA2",-0.499725815251463,"L1PA2:ZNF182","negative"
"ZNF222","HUERS-P3-int",0.454203410996802,"HUERS-P3-int:ZNF222","positive"
"ZNF222","LTR41",0.474488969006376,"LTR41:ZNF222","positive"
"ZNF222","MER20",0.458588109561067,"MER20:ZNF222","positive"
"ZNF714","HERVK22-int",-0.606024676814724,"HERVK22-int:ZNF714","negative"
"ZNF333","LTR13_",0.720218060108367,"LTR13_:ZNF333","positive"
"ZNF333","MLT1G",0.867589154112947,"MLT1G:ZNF333","positive"
"ZNF333","MLT1H2",0.797989232314317,"MLT1H2:ZNF333","positive"
"ZNF333","MLT1H",0.879405912714364,"MLT1H:ZNF333","positive"
"ZNF333","MLT1I",0.878354609874142,"MLT1I:ZNF333","positive"
"ZNF333","MLT1J1",0.814004855456491,"MLT1J1:ZNF333","positive"
"ZNF333","MLT1J2",0.8451440768358,"MLT1J2:ZNF333","positive"
"ZNF333","MLT1J",0.822934204547481,"MLT1J:ZNF333","positive"
"ZNF382","L1M2a",-0.466675658016494,"L1M2a:ZNF382","negative"
"ZNF382","L1M4",-0.52752584645837,"L1M4:ZNF382","negative"
"ZNF382","L1MCc",-0.464738510239402,"L1MCc:ZNF382","negative"
"ZNF382","L1P4",-0.531858239674004,"L1P4:ZNF382","negative"
"ZNF382","L1PA10",-0.519515689860708,"L1PA10:ZNF382","negative"
"ZNF382","L1PA11",-0.504919890628527,"L1PA11:ZNF382","negative"
"ZNF382","L1PA13",-0.568103944818414,"L1PA13:ZNF382","negative"
"ZNF382","L1PA14",-0.491733712963149,"L1PA14:ZNF382","negative"
"ZNF382","L1PA15-16",-0.499935367052042,"L1PA15-16:ZNF382","negative"
"ZNF382","L1PA16",-0.535074116065524,"L1PA16:ZNF382","negative"
"ZNF382","L1PA2",-0.766883834637448,"L1PA2:ZNF382","negative"
"ZNF382","L1PA3",-0.644919555259115,"L1PA3:ZNF382","negative"
"ZNF382","L1PA4",-0.669591278076433,"L1PA4:ZNF382","negative"
"ZNF382","L1PA8",-0.502534562248949,"L1PA8:ZNF382","negative"
"ZNF382","L1PB2",-0.543436438099215,"L1PB2:ZNF382","negative"
"ZNF382","L1PB",-0.608995577686536,"L1PB:ZNF382","negative"
"ZNF382","L1PREC2",-0.479617424787374,"L1PREC2:ZNF382","negative"
"PRDM9","MSTA",-0.526131949011812,"MSTA:PRDM9","negative"
"PRDM9","SVA_D",-0.534548853795024,"SVA_D:PRDM9","negative"
"PRDM9","SVA_E",-0.570350614589792,"SVA_E:PRDM9","negative"
"PRDM9","THE1A",-0.56724555271174,"THE1A:PRDM9","negative"
"PRDM9","THE1B",-0.538842785598295,"THE1B:PRDM9","negative"
"PRDM9","THE1D",-0.497699165470657,"THE1D:PRDM9","negative"
"ZNF202","LTR12E",0.535617423643359,"LTR12E:ZNF202","positive"
"ZNF202","SVA_D",0.614161875221642,"SVA_D:ZNF202","positive"
"ZNF202","SVA_E",0.598846086607243,"SVA_E:ZNF202","positive"
"ZNF202","SVA_F",0.568080057626277,"SVA_F:ZNF202","positive"
"ZNF641","LTR12D",0.527660167536634,"LTR12D:ZNF641","positive"
"ZNF641","SVA_A",0.472480130410644,"SVA_A:ZNF641","positive"
"ZNF641","SVA_B",0.624286420924486,"SVA_B:ZNF641","positive"
"ZNF528","L1PB1",-0.589885018215044,"L1PB1:ZNF528","negative"
"ZNF528","L1PB2",-0.485134405901449,"L1PB2:ZNF528","negative"
"ZNF528","L1PBa1",-0.446201258244269,"L1PBa1:ZNF528","negative"
"ZNF528","L1PBa",-0.617305230510606,"L1PBa:ZNF528","negative"
"ZNF528","MER34C2",0.476426188113833,"MER34C2:ZNF528","positive"
"ZNF558","SVA_C",0.467121214278567,"SVA_C:ZNF558","positive"
"ZNF30","LTR12C",0.448659435942438,"LTR12C:ZNF30","positive"
"ZNF778","LTR13",0.520364429425755,"LTR13:ZNF778","positive"
"ZNF778","MLT1A0",0.49747489018948,"MLT1A0:ZNF778","positive"
"ZNF778","MLT1A1",0.450579667655515,"MLT1A1:ZNF778","positive"
"ZNF778","MLT1A",0.450962738954821,"MLT1A:ZNF778","positive"
"ZNF778","MSTC",0.455206351634961,"MSTC:ZNF778","positive"
"ZNF778","MSTD",0.471946832720116,"MSTD:ZNF778","positive"
"ZNF440","L1M4b",-0.5103462408763,"L1M4b:ZNF440","negative"
"ZNF440","L1PA14",-0.459068428286876,"L1PA14:ZNF440","negative"
"ZNF440","L1PB1",-0.574349653627155,"L1PB1:ZNF440","negative"
"ZNF440","LTR10B1",0.645381110440628,"LTR10B1:ZNF440","positive"
"ZNF440","MER4A1",0.459391601088527,"MER4A1:ZNF440","positive"
"ZNF584","SVA_C",0.643416886219965,"SVA_C:ZNF584","positive"
"ZIK1","AluSx",-0.689235835526425,"AluSx:ZIK1","negative"
"ZIK1","L1MC4a",0.653151469480987,"L1MC4a:ZIK1","positive"
"ZNF417","HERVK14-int",0.508125516390101,"HERVK14-int:ZNF417","positive"
"ZNF417","LTR10B1",0.467790625732545,"LTR10B1:ZNF417","positive"
"ZNF417","LTR12C",0.469194618648388,"LTR12C:ZNF417","positive"
"ZNF417","MER66C",0.468224083465769,"MER66C:ZNF417","positive"
"ZNF519","MER52D",0.565082977998231,"MER52D:ZNF519","positive"
"ZNF519","SVA_B",0.528612319638453,"SVA_B:ZNF519","positive"
"ZNF519","SVA_C",0.613532458380989,"SVA_C:ZNF519","positive"
"ZNF519","SVA_F",0.479854104217275,"SVA_F:ZNF519","positive"
"ZNF77","L1M4c",-0.535993246445779,"L1M4c:ZNF77","negative"
"ZNF77","L2a",0.472453183119243,"L2a:ZNF77","positive"
"ZNF77","LTR26",0.45355666153578,"LTR26:ZNF77","positive"
"ZNF77","MER57E1",0.481036691683207,"MER57E1:ZNF77","positive"
"ZNF169","MER31B",0.622946141989629,"MER31B:ZNF169","positive"
"ZNF169","SVA_A",0.455144502087512,"SVA_A:ZNF169","positive"
"ZNF169","SVA_B",0.579565459780947,"SVA_B:ZNF169","positive"
"ZNF169","SVA_F",0.453581046640598,"SVA_F:ZNF169","positive"
"ZNF135","AluJb",-0.443331508887547,"AluJb:ZNF135","negative"
"ZNF354C","L1ME3",0.530126275874158,"L1ME3:ZNF354C","positive"
"ZNF354C","L1PA2",-0.521909833514626,"L1PA2:ZNF354C","negative"
"ZNF354C","L1PA3",-0.486236485753085,"L1PA3:ZNF354C","negative"
"ZNF354C","L1PA4",-0.533031127622158,"L1PA4:ZNF354C","negative"
"ZNF354C","L1PA6",-0.483504925773858,"L1PA6:ZNF354C","negative"
"ZNF354C","MLT1B",0.551570901991698,"MLT1B:ZNF354C","positive"
"ZNF354C","MSTD",0.574981526215895,"MSTD:ZNF354C","positive"
"ZNF154","L1M2a",-0.551256666781808,"L1M2a:ZNF154","negative"
"ZNF154","L1M4",-0.543083317989345,"L1M4:ZNF154","negative"
"ZNF154","L1MB4",0.493827136177924,"L1MB4:ZNF154","positive"
"ZNF154","L1MB7",0.596311796079508,"L1MB7:ZNF154","positive"
"ZNF792","MER89",0.49895508381319,"MER89:ZNF792","positive"
"ZNF708","MER57-int",0.462146606522484,"MER57-int:ZNF708","positive"
"ZNF320","LTR12C",0.715996633071135,"LTR12C:ZNF320","positive"
"ZNF320","LTR14",0.64832332274424,"LTR14:ZNF320","positive"
"ZNF320","LTR14A",0.533054710266919,"LTR14A:ZNF320","positive"
"ZNF320","LTR14B",0.576931088028224,"LTR14B:ZNF320","positive"
"ZNF320","LTR25-int",0.64578064739031,"LTR25-int:ZNF320","positive"
"ZNF320","LTR5B",0.754621235053614,"LTR5B:ZNF320","positive"
"ZNF320","LTR5_Hs",0.734624635578416,"LTR5_Hs:ZNF320","positive"
"ZNF320","MER54A",0.733112399895661,"MER54A:ZNF320","positive"
"ZNF320","MER9a3",0.691893094894352,"MER9a3:ZNF320","positive"
"ZNF320","MSTA",0.681278459577409,"MSTA:ZNF320","positive"
"ZNF320","MSTB1",0.676121133149791,"MSTB1:ZNF320","positive"
"ZNF320","MSTB2",0.635537120903317,"MSTB2:ZNF320","positive"
"ZNF320","MSTB",0.671144473075584,"MSTB:ZNF320","positive"
"ZNF530","MER34C2",0.452553166118198,"MER34C2:ZNF530","positive"
"ZNF730","SVA_E",-0.472109910416975,"SVA_E:ZNF730","negative"
"ZNF445","AluSc8",-0.751350837730007,"AluSc8:ZNF445","negative"
"ZNF445","AluSg",-0.606396734665862,"AluSg:ZNF445","negative"
"ZNF445","AluSp",-0.675988834259405,"AluSp:ZNF445","negative"
"ZNF445","AluSx1",-0.650644951869458,"AluSx1:ZNF445","negative"
"ZNF445","AluSx3",-0.750702374680857,"AluSx3:ZNF445","negative"
"ZNF445","AluYa8",-0.676967774847901,"AluYa8:ZNF445","negative"
"ZNF445","AluYd8",-0.781129475040233,"AluYd8:ZNF445","negative"
"ZNF17","HERVK-int",0.780112051295738,"HERVK-int:ZNF17","positive"
"ZNF17","L1P3",-0.58218957366853,"L1P3:ZNF17","negative"
"ZNF17","L1PA2",-0.622825708437626,"L1PA2:ZNF17","negative"
"ZNF17","L1PA3",-0.515374794299447,"L1PA3:ZNF17","negative"
"ZNF17","L1PA4",-0.565656766409667,"L1PA4:ZNF17","negative"
"ZNF17","L1PA7",-0.511921133858257,"L1PA7:ZNF17","negative"
"ZNF17","MLT2B1",0.546343532300462,"MLT2B1:ZNF17","positive"
"ZNF17","MLT2B4",0.66244019443597,"MLT2B4:ZNF17","positive"
"ZNF555","L1MCa",-0.521001399605638,"L1MCa:ZNF555","negative"
"ZNF197","L1M2a",-0.4455384489812,"L1M2a:ZNF197","negative"
"ZNF197","L1MCc",-0.477627524932139,"L1MCc:ZNF197","negative"
"ZFP69B","L1MD",-0.49208338479142,"L1MD:ZFP69B","negative"
"ZFP69B","LTR1D",0.486255817557843,"LTR1D:ZFP69B","positive"
"ZFP69B","LTR77",0.611725443421076,"LTR77:ZFP69B","positive"
"ZFP69B","MER52A",0.62499107402669,"MER52A:ZFP69B","positive"
"ZFP69","L1MB5",0.492758838646702,"L1MB5:ZFP69","positive"
"ZFP69","L1MCa",-0.45335155705003,"L1MCa:ZFP69","negative"
"ZFP69","LTR10B1",0.490841864530406,"LTR10B1:ZFP69","positive"
"ZFP69","LTR8",0.468647099532125,"LTR8:ZFP69","positive"
"ZFP69","MLT1D",0.479637903827601,"MLT1D:ZFP69","positive"
"ZNF383","MLT1J2",-0.468117981318995,"MLT1J2:ZNF383","negative"
"ZNF383","MLT1J",-0.481119416358682,"MLT1J:ZNF383","negative"
"ZNF383","MLT1L",-0.476048796913569,"MLT1L:ZNF383","negative"
"ZNF567","L1MC",0.52867082914854,"L1MC:ZNF567","positive"
"ZNF567","L1MCa",-0.460546892644916,"L1MCa:ZNF567","negative"
"ZNF567","L1ME3A",0.654058162158664,"L1ME3A:ZNF567","positive"
"ZNF567","L1MEd",-0.592582723249794,"L1MEd:ZNF567","negative"
"ZNF567","L1MEf",-0.504322340133795,"L1MEf:ZNF567","negative"
"ZNF567","L1MEg2",0.465124677351672,"L1MEg2:ZNF567","positive"
"ZNF567","L1MEg",-0.498974252362859,"L1MEg:ZNF567","negative"
"ZNF567","LTR12D",0.524303086792572,"LTR12D:ZNF567","positive"
"ZNF573","LTR22A",-0.466609271614172,"LTR22A:ZNF573","negative"
"ZNF573","LTR41",-0.473521753934634,"LTR41:ZNF573","negative"
"ZNF573","LTR41B",-0.490331792137686,"LTR41B:ZNF573","negative"
"ZNF573","LTR50",-0.473082996091379,"LTR50:ZNF573","negative"
"ZNF573","MLT1G",-0.522366083476228,"MLT1G:ZNF573","negative"
"ZNF33A","LTR10B1",0.651972986270029,"LTR10B1:ZNF33A","positive"
"ZNF33A","MER66D",0.452096772953896,"MER66D:ZNF33A","positive"
"ZNF33A","MER89",0.718981850390816,"MER89:ZNF33A","positive"
"ZNF33A","THE1D",0.690800220959266,"THE1D:ZNF33A","positive"
"ZNF79","L1MEb",-0.649567280872193,"L1MEb:ZNF79","negative"
"ZNF681","AluYc3",-0.547994209687653,"AluYc3:ZNF681","negative"
"ZNF681","LTR19C",0.542621093079924,"LTR19C:ZNF681","positive"
"ZNF681","MER61C",-0.601452118454056,"MER61C:ZNF681","negative"
"ZNF681","MER61D",0.566968935810334,"MER61D:ZNF681","positive"
"ZNF681","MER61E",0.675588545172176,"MER61E:ZNF681","positive"
"ZNF765","MSTA-int",-0.594706029332927,"MSTA-int:ZNF765","negative"
"ZNF765","THE1A-int",-0.554119628285763,"THE1A-int:ZNF765","negative"
"ZNF765","THE1B-int",-0.589221617170776,"THE1B-int:ZNF765","negative"
"ZNF765","THE1C-int",-0.535558406483233,"THE1C-int:ZNF765","negative"
"ZNF765","THE1D-int",-0.508397073190892,"THE1D-int:ZNF765","negative"
"ZNF124","LOR1a",-0.501088984078446,"LOR1a:ZNF124","negative"
"ZNF605","LTR12E",-0.482403537310581,"LTR12E:ZNF605","negative"
"ZNF605","LTR14B",-0.487662761204937,"LTR14B:ZNF605","negative"
"ZNF605","MamGypLTR3",-0.47381459095746,"MamGypLTR3:ZNF605","negative"
"ZNF782","L1M4",-0.452040251102156,"L1M4:ZNF782","negative"
"ZNF782","L1M4b",-0.692056888167583,"L1M4b:ZNF782","negative"
"ZNF782","L1MB7",0.641156399374982,"L1MB7:ZNF782","positive"
"ZNF782","L1MEf",-0.659029871637318,"L1MEf:ZNF782","negative"
"ZNF136","L1MB4",0.615133341697637,"L1MB4:ZNF136","positive"
"ZNF136","L1MB5",0.689248540555364,"L1MB5:ZNF136","positive"
"ZNF136","L1MB7",0.647579913854591,"L1MB7:ZNF136","positive"
"ZNF136","L1MB8",0.600822310939263,"L1MB8:ZNF136","positive"
"ZNF136","L1MCc",-0.445320598346328,"L1MCc:ZNF136","negative"
"ZNF136","L1ME3",0.578799559292258,"L1ME3:ZNF136","positive"
"ZNF136","L1ME3A",0.663139952755515,"L1ME3A:ZNF136","positive"
"ZNF136","L1PA10",-0.508321001835126,"L1PA10:ZNF136","negative"
"ZNF136","L1PA11",-0.481583001477891,"L1PA11:ZNF136","negative"
"ZNF136","L1PA13",-0.557532384267556,"L1PA13:ZNF136","negative"
"ZNF136","L1PA14",-0.490750975525245,"L1PA14:ZNF136","negative"
"ZNF136","L1PA15-16",-0.471725875340584,"L1PA15-16:ZNF136","negative"
"ZNF136","L1PA15",-0.546361587297176,"L1PA15:ZNF136","negative"
"ZNF136","L1PA2",-0.665130534141594,"L1PA2:ZNF136","negative"
"ZNF136","L1PA3",-0.614763552210649,"L1PA3:ZNF136","negative"
"ZNF136","L1PA4",-0.635559379524363,"L1PA4:ZNF136","negative"
"ZNF136","L1PA8",-0.478402008476492,"L1PA8:ZNF136","negative"
"ZNF136","L1PB2",-0.51352681520008,"L1PB2:ZNF136","negative"
"ZKSCAN5","L2a",0.842524756721711,"L2a:ZKSCAN5","positive"
"ZKSCAN5","LTR14B",0.657853987682274,"LTR14B:ZKSCAN5","positive"
"ZKSCAN5","MER1A",0.878534975351737,"MER1A:ZKSCAN5","positive"
"ZKSCAN5","MSTB1",0.782723845069533,"MSTB1:ZKSCAN5","positive"
"ZKSCAN5","MSTB",0.778624970622231,"MSTB:ZKSCAN5","positive"
"ZKSCAN5","SVA_B",0.608870796098515,"SVA_B:ZKSCAN5","positive"
"ZKSCAN5","SVA_D",0.839418281550235,"SVA_D:ZKSCAN5","positive"
"ZKSCAN5","SVA_E",0.826491344095161,"SVA_E:ZKSCAN5","positive"
"ZKSCAN5","SVA_F",0.674513561357229,"SVA_F:ZKSCAN5","positive"
"ZNF431","LTR14B",-0.591912341074944,"LTR14B:ZNF431","negative"
"ZNF431","LTR33B",-0.444792000709843,"LTR33B:ZNF431","negative"
"ZNF431","THE1B",-0.528102281083118,"THE1B:ZNF431","negative"
"ZNF418","MER31B",0.701100883863714,"MER31B:ZNF418","positive"
"ZNF441","AluSp",-0.691720003882914,"AluSp:ZNF441","negative"
"ZNF441","AluSq2",-0.687320719622313,"AluSq2:ZNF441","negative"
"ZNF441","AluSx",-0.704964334021027,"AluSx:ZNF441","negative"
"ZNF441","AluSz",-0.666684027852905,"AluSz:ZNF441","negative"
"ZNF441","AluYd8",-0.653580603410615,"AluYd8:ZNF441","negative"
"ZNF257","AluJb",0.51005402507973,"AluJb:ZNF257","positive"
"ZNF257","AluJr",0.475766753372338,"AluJr:ZNF257","positive"
"ZNF786","AluJb",-0.548118792590399,"AluJb:ZNF786","negative"
"ZNF786","LTR12D",0.482652916396082,"LTR12D:ZNF786","positive"
"ZNF786","LTR71B",0.514124282898681,"LTR71B:ZNF786","positive"
"ZNF675","AluYd8",-0.713369627728437,"AluYd8:ZNF675","negative"
"ZNF675","LTR13_",0.716319017226256,"LTR13_:ZNF675","positive"
"ZNF675","LTR18A",0.502111169475836,"LTR18A:ZNF675","positive"
"ZNF675","MST-int",0.548178465407532,"MST-int:ZNF675","positive"
"ZNF675","MSTB-int",0.734644731549518,"MSTB-int:ZNF675","positive"
"ZNF675","MSTB1-int",0.61371610592509,"MSTB1-int:ZNF675","positive"
"ZNF675","MSTC-int",0.530072576580947,"MSTC-int:ZNF675","positive"
"ZNF615","MER68",0.664847989310572,"MER68:ZNF615","positive"
"ZNF615","MLT1F",0.652001771659659,"MLT1F:ZNF615","positive"
"ZNF433","HUERS-P3-int",0.666466246835703,"HUERS-P3-int:ZNF433","positive"
"ZNF433","L1PA13",-0.539433111325873,"L1PA13:ZNF433","negative"
"ZNF433","L1PA14",-0.479286086257545,"L1PA14:ZNF433","negative"
"ZNF433","L1PA15",-0.525260514956159,"L1PA15:ZNF433","negative"
"ZNF433","L1PREC2",-0.463821124922831,"L1PREC2:ZNF433","negative"
"ZNF433","MER11A",0.714760231148688,"MER11A:ZNF433","positive"
"ZNF460","AluSc8",-0.55710149530437,"AluSc8:ZNF460","negative"
"ZNF460","AluSc",-0.574813620688808,"AluSc:ZNF460","negative"
"ZNF460","AluSg7",-0.566929582925083,"AluSg7:ZNF460","negative"
"ZNF460","AluSg",-0.475387653577469,"AluSg:ZNF460","negative"
"ZNF460","AluSp",-0.471595854857401,"AluSp:ZNF460","negative"
"ZNF460","AluSq2",-0.472410662702976,"AluSq2:ZNF460","negative"
"ZNF460","AluSq",-0.489208088577828,"AluSq:ZNF460","negative"
"ZNF460","AluSx3",-0.571917396880396,"AluSx3:ZNF460","negative"
"ZNF460","AluSx4",-0.47106163521055,"AluSx4:ZNF460","negative"
"ZNF460","AluY",-0.628270471823172,"AluY:ZNF460","negative"
"ZNF460","AluYa5",-0.795737252663649,"AluYa5:ZNF460","negative"
"ZNF460","AluYc",-0.62769397375375,"AluYc:ZNF460","negative"
"ZNF460","AluYg6",-0.65811937623591,"AluYg6:ZNF460","negative"
"ZNF81","L1MB5",0.586927566912071,"L1MB5:ZNF81","positive"
"ZNF81","L1MB7",0.539408927163105,"L1MB7:ZNF81","positive"
"ZNF81","L1MB8",0.526267827390517,"L1MB8:ZNF81","positive"
"ZNF81","L1ME3",0.587752156566399,"L1ME3:ZNF81","positive"
"ZNF81","L1ME3A",0.627649055338127,"L1ME3A:ZNF81","positive"
"ZNF790","LTR33",0.480506644428474,"LTR33:ZNF790","positive"
"ZNF273","AluYa5",-0.582538269220288,"AluYa5:ZNF273","negative"
"ZNF273","LTR12E",0.646583998357218,"LTR12E:ZNF273","positive"
"ZNF273","LTR17",0.532763510990065,"LTR17:ZNF273","positive"
"ZNF273","MER52A",0.586513051215355,"MER52A:ZNF273","positive"
"ZNF273","MER52C",0.494986396967571,"MER52C:ZNF273","positive"
"ZNF84","L1ME3A",0.784483316909512,"L1ME3A:ZNF84","positive"
"ZNF84","L1P4",-0.489979136883821,"L1P4:ZNF84","negative"
"ZNF84","L1PA11",-0.462392252153521,"L1PA11:ZNF84","negative"
"ZNF84","L1PA13",-0.526670582254355,"L1PA13:ZNF84","negative"
"ZNF84","L1PA14",-0.454368873685977,"L1PA14:ZNF84","negative"
"ZNF84","L1PA15",-0.514827125966901,"L1PA15:ZNF84","negative"
"ZNF84","L1PA16",-0.477580195833725,"L1PA16:ZNF84","negative"
"ZNF84","L1PA3",-0.608333977975197,"L1PA3:ZNF84","negative"
"ZNF84","L1PA8",-0.473730530754311,"L1PA8:ZNF84","negative"
"ZNF84","L1PB2",-0.500858098986326,"L1PB2:ZNF84","negative"
"ZNF649","L1P1",-0.555736693451789,"L1P1:ZNF649","negative"
"ZNF649","L1P2",-0.483135517836316,"L1P2:ZNF649","negative"
"ZNF649","LTR12C",0.648839704406917,"LTR12C:ZNF649","positive"
"ZNF649","LTR12E",0.569961143209662,"LTR12E:ZNF649","positive"
"ZNF649","SVA_D",0.490812709533033,"SVA_D:ZNF649","positive"
"ZNF649","SVA_E",0.495958993881805,"SVA_E:ZNF649","positive"
"ZNF248","L1M2a",-0.483348530185234,"L1M2a:ZNF248","negative"
"ZNF248","L1M3",-0.525867029261887,"L1M3:ZNF248","negative"
"ZNF248","L1MA2",-0.583951287641398,"L1MA2:ZNF248","negative"
"ZNF248","L1MA4A",-0.579908024911928,"L1MA4A:ZNF248","negative"
"ZNF248","L1MA5",-0.507992258546488,"L1MA5:ZNF248","negative"
"ZNF248","L1MA6",-0.517784433030647,"L1MA6:ZNF248","negative"
"ZNF248","L1MA8",-0.464581902149188,"L1MA8:ZNF248","negative"
"ZNF248","L1MA9",-0.444415935102238,"L1MA9:ZNF248","negative"
"ZNF248","L1MB4",0.673086359211127,"L1MB4:ZNF248","positive"
"ZNF248","L1MB7",0.731036095719036,"L1MB7:ZNF248","positive"
"ZNF248","L1P4",-0.587799949434148,"L1P4:ZNF248","negative"
"ZNF248","L1PA10",-0.549643799491091,"L1PA10:ZNF248","negative"
"ZNF248","L1PA11",-0.55209474648221,"L1PA11:ZNF248","negative"
"ZNF248","L1PA13",-0.598450114929222,"L1PA13:ZNF248","negative"
"ZNF248","L1PA14",-0.540465960322788,"L1PA14:ZNF248","negative"
"ZNF248","L1PA15",-0.60230316437503,"L1PA15:ZNF248","negative"
"ZNF248","L1PA4",-0.658463459361392,"L1PA4:ZNF248","negative"
"ZNF248","L1PA6",-0.604537891548179,"L1PA6:ZNF248","negative"
"ZNF248","L1PA8",-0.55491602283425,"L1PA8:ZNF248","negative"
"ZNF248","L1PB2",-0.600397730945024,"L1PB2:ZNF248","negative"
"ZNF248","L1PB",-0.66220039060533,"L1PB:ZNF248","negative"
"ZNF248","L1PBa1",-0.568606903815321,"L1PBa1:ZNF248","negative"
"ZNF248","L1PREC2",-0.532067385077483,"L1PREC2:ZNF248","negative"
"ZNF334","AluSg4",-0.70483078690427,"AluSg4:ZNF334","negative"
"ZNF334","SVA_B",0.513291837857359,"SVA_B:ZNF334","positive"
"ZNF334","SVA_F",0.514998131294705,"SVA_F:ZNF334","positive"
"ZNF485","ERVL-B4-int",0.448066232165627,"ERVL-B4-int:ZNF485","positive"
"ZNF485","L1MC1",-0.46580713020748,"L1MC1:ZNF485","negative"
"ZNF485","L1PA12",-0.456557749704464,"L1PA12:ZNF485","negative"
"ZNF485","MER20",0.45152788038212,"MER20:ZNF485","positive"
"ZNF69","LTR13",-0.443751724942136,"LTR13:ZNF69","negative"
"ZNF587","LTR13_",0.801463385718338,"LTR13_:ZNF587","positive"
"ZNF587","LTR14A",0.515545975281165,"LTR14A:ZNF587","positive"
"ZNF587","LTR14B",0.58402241307557,"LTR14B:ZNF587","positive"
"ZNF587","MER61-int",0.465195848325111,"MER61-int:ZNF587","positive"
"ZNF627","MER9a3",0.774807772559433,"MER9a3:ZNF627","positive"
"ZNF627","Tigger1",0.751608480006114,"Tigger1:ZNF627","positive"
"ZNF468","HERVK9-int",0.449109648441735,"HERVK9-int:ZNF468","positive"
"ZNF468","LTR12E",0.50867065899982,"LTR12E:ZNF468","positive"
"ZNF468","LTR17",0.483784574802739,"LTR17:ZNF468","positive"
"ZNF468","LTR7B",0.554816852282351,"LTR7B:ZNF468","positive"
"ZNF468","LTR7Y",0.448224554430319,"LTR7Y:ZNF468","positive"
"ZNF468","MER11A",0.511731823380669,"MER11A:ZNF468","positive"
"ZNF468","MER72",0.473352472095231,"MER72:ZNF468","positive"
"ZNF468","SVA_B",0.505103890792091,"SVA_B:ZNF468","positive"
"ZNF468","SVA_D",0.551596403010621,"SVA_D:ZNF468","positive"
"ZNF468","SVA_F",0.542173447203278,"SVA_F:ZNF468","positive"
"ZNF468","THE1A-int",0.504698204784038,"THE1A-int:ZNF468","positive"
"ZNF468","THE1B-int",0.495503100068809,"THE1B-int:ZNF468","positive"
"ZNF468","THE1C-int",0.535808400331259,"THE1C-int:ZNF468","positive"
"ZNF425","L1HS",-0.625641035204841,"L1HS:ZNF425","negative"
"ZNF425","L1PA2",-0.575922898240137,"L1PA2:ZNF425","negative"
"ZNF425","L1PA3",-0.461400476089031,"L1PA3:ZNF425","negative"
"ZNF425","L1PA4",-0.495798861276421,"L1PA4:ZNF425","negative"
"ZNF425","L1PA6",-0.460676778804541,"L1PA6:ZNF425","negative"
"ZNF425","LTR13_",0.674848776599483,"LTR13_:ZNF425","positive"
"ZNF425","LTR55",0.681001193677651,"LTR55:ZNF425","positive"
"ZNF425","LTR71B",0.656159465348005,"LTR71B:ZNF425","positive"
"ZNF736","LTR14B",0.490799413480393,"LTR14B:ZNF736","positive"
"ZNF736","LTR1C",0.686733141132713,"LTR1C:ZNF736","positive"
"ZNF736","LTR25-int",0.744611152130301,"LTR25-int:ZNF736","positive"
"ZNF736","MER52D",0.586155672078027,"MER52D:ZNF736","positive"
"ZNF736","MER57E1",0.564494041351173,"MER57E1:ZNF736","positive"
"ZNF736","MER68",0.677205882637268,"MER68:ZNF736","positive"
"ZNF736","MER9a3",0.650832253410803,"MER9a3:ZNF736","positive"
"ZNF736","SVA_F",0.502936829651898,"SVA_F:ZNF736","positive"
"ZNF324B","Tigger2",0.645439212093399,"Tigger2:ZNF324B","positive"
"ZNF564","MLT1A0",-0.445693384280023,"MLT1A0:ZNF564","negative"
"ZNF564","MLT1A1",-0.533597362416637,"MLT1A1:ZNF564","negative"
"ZNF564","MLT1A",-0.463601711502652,"MLT1A:ZNF564","negative"
"ZNF564","MLT1B",-0.465101910392942,"MLT1B:ZNF564","negative"
"ZNF564","MSTC",-0.479797390599895,"MSTC:ZNF564","negative"
"ZNF564","MSTD",-0.509956892940791,"MSTD:ZNF564","negative"
"ZNF432","L1M4",0.484705660140565,"L1M4:ZNF432","positive"
"ZNF10","L1MB4",0.628863756604175,"L1MB4:ZNF10","positive"
"ZNF10","L1MB5",0.676251990186515,"L1MB5:ZNF10","positive"
"ZNF10","L1MB7",0.709220417184689,"L1MB7:ZNF10","positive"
"ZNF10","L1MB8",0.665403837078075,"L1MB8:ZNF10","positive"
"ZNF10","L1ME3",0.737116465641519,"L1ME3:ZNF10","positive"
"ZNF10","L1ME3A",0.724706621832687,"L1ME3A:ZNF10","positive"
"ZNF10","L1PA11",-0.541343554823754,"L1PA11:ZNF10","negative"
"ZNF10","L1PA13",-0.614635974280275,"L1PA13:ZNF10","negative"
"ZNF10","L1PA14",-0.51982868105225,"L1PA14:ZNF10","negative"
"ZNF10","L1PA3",-0.683308869379442,"L1PA3:ZNF10","negative"
"ZNF10","L1PA5",-0.447628006041705,"L1PA5:ZNF10","negative"
"ZNF10","L1PA8",-0.535100276152445,"L1PA8:ZNF10","negative"
"ZNF225","AluSp",-0.642492514253334,"AluSp:ZNF225","negative"
"ZNF225","L1M1",-0.548782397252468,"L1M1:ZNF225","negative"
"ZNF225","L1M2",-0.48152525644745,"L1M2:ZNF225","negative"
"ZNF225","L1M3c",-0.549799661589444,"L1M3c:ZNF225","negative"
"ZNF225","L1M3f",-0.488938952423628,"L1M3f:ZNF225","negative"
"ZNF225","L1MB4",0.556595192555466,"L1MB4:ZNF225","positive"
"ZNF225","MER61-int",0.463896700362268,"MER61-int:ZNF225","positive"
"ZNF285","LTR12D",0.451492876010957,"LTR12D:ZNF285","positive"
"ZNF2","LTR13_",0.572373513799616,"LTR13_:ZNF2","positive"
"ZNF2","MamGypLTR3",0.504732864023632,"MamGypLTR3:ZNF2","positive"
"ZNF506","AluJb",0.609091540007698,"AluJb:ZNF506","positive"
"ZNF506","AluJo",0.534685829835291,"AluJo:ZNF506","positive"
"ZNF506","AluJr",0.543216041080609,"AluJr:ZNF506","positive"
"ZNF506","AluSz",0.634038371420305,"AluSz:ZNF506","positive"
"ZNF671","ERVL-B4-int",0.658567002965532,"ERVL-B4-int:ZNF671","positive"
"ZNF671","HERVL-int",0.59615694863963,"HERVL-int:ZNF671","positive"
"ZNF671","L1M4b",-0.667830196668954,"L1M4b:ZNF671","negative"
"ZNF671","LTR13",0.664106266983956,"LTR13:ZNF671","positive"
"ZNF671","MSTA",0.652319412886371,"MSTA:ZNF671","positive"
"ZNF264","MLT1A0",0.554975188243439,"MLT1A0:ZNF264","positive"
"ZNF419","HERVK22-int",0.627556596916077,"HERVK22-int:ZNF419","positive"
"ZNF430","THE1A",-0.64703832026759,"THE1A:ZNF430","negative"
"ZNF430","THE1B",-0.596623862877597,"THE1B:ZNF430","negative"
"ZNF430","THE1D",-0.585469041965783,"THE1D:ZNF430","negative"
"ZNF133","L1M4b",-0.584134712543171,"L1M4b:ZNF133","negative"
"ZNF133","L1MA3",-0.539726185570433,"L1MA3:ZNF133","negative"
"ZNF484","L1MC5",0.635928020503097,"L1MC5:ZNF484","positive"
"ZNF337","L1M2",-0.603852845124889,"L1M2:ZNF337","negative"
"ZNF337","L1M2c",-0.711365852198918,"L1M2c:ZNF337","negative"
"ZNF337","L1M4",-0.644016338037428,"L1M4:ZNF337","negative"
"ZNF337","L1M4c",-0.773099279765502,"L1M4c:ZNF337","negative"
"ZNF337","L1MA5",-0.657953010890858,"L1MA5:ZNF337","negative"
"ZNF337","L1PBa",-0.602795120452516,"L1PBa:ZNF337","negative"
"ZNF337","MER54A",0.655893343410571,"MER54A:ZNF337","positive"
"ZNF317","HAL1",-0.579526983559608,"HAL1:ZNF317","negative"
"ZNF317","L1M4c",-0.586944272234022,"L1M4c:ZNF317","negative"
"ZNF317","L1MDa",-0.587865991432706,"L1MDa:ZNF317","negative"
"ZNF317","L1MEd",-0.632104760159589,"L1MEd:ZNF317","negative"
"ZNF317","L1MEf",-0.591122422423496,"L1MEf:ZNF317","negative"
"ZNF317","L1MEg",-0.608062275651252,"L1MEg:ZNF317","negative"
"ZNF317","L1P2",-0.567914802444338,"L1P2:ZNF317","negative"
"ZNF317","LTR55",0.565925738638259,"LTR55:ZNF317","positive"
"ZNF331","MLT1F1",0.745402007502001,"MLT1F1:ZNF331","positive"
"ZNF331","MLT1F",0.702787858980018,"MLT1F:ZNF331","positive"
"ZNF331","MLT1G1",0.692399368578494,"MLT1G1:ZNF331","positive"
"ZNF331","MLT1G3",0.776600893385729,"MLT1G3:ZNF331","positive"
"ZNF331","MLT1G",0.723287190884978,"MLT1G:ZNF331","positive"
"ZNF331","MLT1H1",0.669329942744827,"MLT1H1:ZNF331","positive"
"ZNF331","MLT1H2",0.743033864009278,"MLT1H2:ZNF331","positive"
"ZNF331","MLT1H",0.745779681710166,"MLT1H:ZNF331","positive"
"ZNF141","HUERS-P3-int",-0.591670549614857,"HUERS-P3-int:ZNF141","negative"
"ZNF141","HUERS-P3b-int",-0.654787254755319,"HUERS-P3b-int:ZNF141","negative"
"ZNF141","L1M2c",0.604727823031885,"L1M2c:ZNF141","positive"
"ZNF141","LTR13",-0.621480621365736,"LTR13:ZNF141","negative"
"ZNF141","MER11D",-0.634267347001249,"MER11D:ZNF141","negative"
"ZNF304","LTR8A",0.766606266441957,"LTR8A:ZNF304","positive"
"ZNF304","MLT1E1",0.690483741770935,"MLT1E1:ZNF304","positive"
"ZNF304","MLT1E1A",0.555678635759475,"MLT1E1A:ZNF304","positive"
"ZNF304","MLT1E2",0.620273420875439,"MLT1E2:ZNF304","positive"
"ZNF304","MLT1F1",0.809225336424832,"MLT1F1:ZNF304","positive"
"ZNF304","MLT1F2",0.776036180570555,"MLT1F2:ZNF304","positive"
"ZNF304","MLT1F",0.750951276113361,"MLT1F:ZNF304","positive"
"ZNF304","MLT1G3",0.807218414840336,"MLT1G3:ZNF304","positive"
"ZNF304","MLT1H1",0.695833801796678,"MLT1H1:ZNF304","positive"
"ZNF132","LTR16B",0.620384620319825,"LTR16B:ZNF132","positive"
"ZNF300","AluYc",0.592383393577344,"AluYc:ZNF300","positive"
"ZNF157","LTR28",0.645489335605122,"LTR28:ZNF157","positive"
"ZNF776","MSTA",0.715811860873244,"MSTA:ZNF776","positive"
"ZNF776","MSTB1",0.741691432389115,"MSTB1:ZNF776","positive"
"ZNF776","MSTB",0.658370975722836,"MSTB:ZNF776","positive"
"ZNF714","LTR13",-0.700920078452537,"LTR13:ZNF714","negative"
"ZNF714","LTR50",-0.70387250257246,"LTR50:ZNF714","negative"
"ZNF714","MER61E",-0.662803866421496,"MER61E:ZNF714","negative"
"ZNF382","L1HS",-0.554068380190601,"L1HS:ZNF382","negative"
"ZNF382","L1M1",-0.70459339108116,"L1M1:ZNF382","negative"
"ZNF382","L1M2",-0.624714614357038,"L1M2:ZNF382","negative"
"ZNF382","L1M3",-0.644044303232521,"L1M3:ZNF382","negative"
"ZNF382","L1M4c",-0.723200909854152,"L1M4c:ZNF382","negative"
"ZNF382","L1MA2",-0.630536779563582,"L1MA2:ZNF382","negative"
"ZNF382","L1MA3",-0.663307121854516,"L1MA3:ZNF382","negative"
"ZNF382","L1MA4",-0.635078474008649,"L1MA4:ZNF382","negative"
"ZNF382","L1MA4A",-0.568885233746257,"L1MA4A:ZNF382","negative"
"ZNF382","L1MA5",-0.63026588457422,"L1MA5:ZNF382","negative"
"ZNF382","L1MA8",-0.550015238313788,"L1MA8:ZNF382","negative"
"ZNF382","L1MCa",-0.758834003486513,"L1MCa:ZNF382","negative"
"ZNF382","L1MD",-0.572941390235741,"L1MD:ZNF382","negative"
"ZNF382","L1MDa",-0.740532150505613,"L1MDa:ZNF382","negative"
"ZNF382","L1MEc",-0.708396765790821,"L1MEc:ZNF382","negative"
"ZNF382","L1MEf",-0.663998391649454,"L1MEf:ZNF382","negative"
"ZNF382","L1MEg",-0.56714778141185,"L1MEg:ZNF382","negative"
"ZNF382","L1P1",-0.575853551489519,"L1P1:ZNF382","negative"
"ZNF382","L1P2",-0.623088483617368,"L1P2:ZNF382","negative"
"ZNF382","L1P3",-0.675534473121332,"L1P3:ZNF382","negative"
"ZNF382","L1PA15",-0.539246223299243,"L1PA15:ZNF382","negative"
"ZNF382","L1PA6",-0.54507477529288,"L1PA6:ZNF382","negative"
"ZNF382","L1PA7",-0.647240489880825,"L1PA7:ZNF382","negative"
"ZNF382","L1PA8A",-0.587504630680153,"L1PA8A:ZNF382","negative"
"ZNF382","L1PB1",-0.629172937117221,"L1PB1:ZNF382","negative"
"ZNF382","L1PBa",-0.703162309117434,"L1PBa:ZNF382","negative"
"ZNF382","MamGypLTR3",0.69046009323823,"MamGypLTR3:ZNF382","positive"
"PRDM9","L1PBa1",0.645855502528218,"L1PBa1:PRDM9","positive"
"PRDM9","MER52-int",0.623504272378637,"MER52-int:PRDM9","positive"
"ZNF12","MLT1A0",0.728793089773844,"MLT1A0:ZNF12","positive"
"ZNF12","MLT1A",0.667986234209743,"MLT1A:ZNF12","positive"
"ZNF12","MLT1B",0.726490255332236,"MLT1B:ZNF12","positive"
"ZNF12","MLT1D",0.68329267612353,"MLT1D:ZNF12","positive"
"ZNF12","MLT1H",0.701415634150508,"MLT1H:ZNF12","positive"
"ZNF12","MLT1I",0.693455316184541,"MLT1I:ZNF12","positive"
"ZNF12","MLT1J1",0.685240573076158,"MLT1J1:ZNF12","positive"
"ZNF12","MLT1J2",0.731616474521177,"MLT1J2:ZNF12","positive"
"ZNF12","MLT1J",0.698366550003285,"MLT1J:ZNF12","positive"
"ZNF180","Charlie8",0.789431832241505,"Charlie8:ZNF180","positive"
"ZNF180","MER102c",0.757242035362794,"MER102c:ZNF180","positive"
"ZNF641","LTR12C",0.600196655471799,"LTR12C:ZNF641","positive"
"ZNF641","LTR12E",0.558639851776576,"LTR12E:ZNF641","positive"
"ZNF641","SVA_C",0.588296295250323,"SVA_C:ZNF641","positive"
"ZNF641","SVA_D",0.620989017698153,"SVA_D:ZNF641","positive"
"ZNF641","SVA_E",0.574134529266439,"SVA_E:ZNF641","positive"
"ZNF641","SVA_F",0.552533983255227,"SVA_F:ZNF641","positive"
"ZNF528","MER9a2",0.570073279473626,"MER9a2:ZNF528","positive"
"ZNF528","THE1B-int",0.557973277958365,"THE1B-int:ZNF528","positive"
"ZNF528","THE1D-int",0.657622576079962,"THE1D-int:ZNF528","positive"
"ZNF440","HERVK9-int",0.668521029308471,"HERVK9-int:ZNF440","positive"
"ZNF440","LTR13",0.622368375729972,"LTR13:ZNF440","positive"
"ZNF440","LTR41B",0.67684388259935,"LTR41B:ZNF440","positive"
"ZNF440","LTR5B",0.662306361132822,"LTR5B:ZNF440","positive"
"ZNF440","MER11A",0.714605010360166,"MER11A:ZNF440","positive"
"ZNF440","MSTB1",0.653148252685118,"MSTB1:ZNF440","positive"
"ZNF440","MamGypLTR3",0.536240882622644,"MamGypLTR3:ZNF440","positive"
"ZNF584","LTR5_Hs",0.633320421082871,"LTR5_Hs:ZNF584","positive"
"ZNF584","MLT1F-int",0.589161806499523,"MLT1F-int:ZNF584","positive"
"ZNF584","MLT1F1-int",0.596041965720164,"MLT1F1-int:ZNF584","positive"
"ZIK1","LTR41B",0.572362825342577,"LTR41B:ZIK1","positive"
"ZIK1","MADE1",0.71253837098157,"MADE1:ZIK1","positive"
"ZIK1","MER11A",0.716162066885365,"MER11A:ZIK1","positive"
"ZIK1","MER52C",0.628187504380833,"MER52C:ZIK1","positive"
"ZIK1","MLT1E1",0.703508994811948,"MLT1E1:ZIK1","positive"
"ZIK1","MLT1F2",0.635619741362547,"MLT1F2:ZIK1","positive"
"ZIK1","MLT1J1",0.599392601630461,"MLT1J1:ZIK1","positive"
"ZNF519","AluSc8",-0.775075446998756,"AluSc8:ZNF519","negative"
"ZNF519","AluSc",-0.765056522695181,"AluSc:ZNF519","negative"
"ZNF519","AluSg4",-0.647998018203911,"AluSg4:ZNF519","negative"
"ZNF519","AluSg7",-0.818327658425431,"AluSg7:ZNF519","negative"
"ZNF519","AluSg",-0.700404567580588,"AluSg:ZNF519","negative"
"ZNF519","AluSp",-0.638395549113397,"AluSp:ZNF519","negative"
"ZNF519","AluSq2",-0.642886452258753,"AluSq2:ZNF519","negative"
"ZNF519","AluSq",-0.627317717664444,"AluSq:ZNF519","negative"
"ZNF519","AluSx1",-0.629390146638585,"AluSx1:ZNF519","negative"
"ZNF519","AluSx3",-0.732747320543512,"AluSx3:ZNF519","negative"
"ZNF519","AluSx4",-0.66052013379973,"AluSx4:ZNF519","negative"
"ZNF519","AluSx",-0.570150383436007,"AluSx:ZNF519","negative"
"ZNF519","AluSz6",-0.59147135368929,"AluSz6:ZNF519","negative"
"ZNF519","AluSz",-0.592954868407403,"AluSz:ZNF519","negative"
"ZNF519","AluY",-0.827281494715312,"AluY:ZNF519","negative"
"ZNF519","AluYc",-0.809771194006236,"AluYc:ZNF519","negative"
"ZNF519","HERVK-int",0.767177371034667,"HERVK-int:ZNF519","positive"
"ZNF519","LTR12E",0.556215842488105,"LTR12E:ZNF519","positive"
"ZNF519","MER52A",0.580518102446376,"MER52A:ZNF519","positive"
"ZNF519","MER52C",0.551928349474413,"MER52C:ZNF519","positive"
"ZNF519","MER66B",0.733355736970754,"MER66B:ZNF519","positive"
"ZNF169","MER54A",0.685147432047581,"MER54A:ZNF169","positive"
"ZNF169","MER89",0.588656076165108,"MER89:ZNF169","positive"
"ZNF169","MLT1A",0.697127395650006,"MLT1A:ZNF169","positive"
"ZNF135","L1M2",-0.548909830920695,"L1M2:ZNF135","negative"
"ZNF135","MLT1K",0.549286558140349,"MLT1K:ZNF135","positive"
"ZNF154","HERVP71A-int",0.743339900866309,"HERVP71A-int:ZNF154","positive"
"ZNF154","L1M4c",-0.560266781662313,"L1M4c:ZNF154","negative"
"ZNF154","L1MB5",0.554870251897124,"L1MB5:ZNF154","positive"
"ZNF708","L1PA8A",-0.569451117602281,"L1PA8A:ZNF708","negative"
"ZNF320","L1MA9",-0.581614125087201,"L1MA9:ZNF320","negative"
"ZNF530","MSTA-int",0.634770586470941,"MSTA-int:ZNF530","positive"
"ZNF530","THE1B-int",0.609715354362787,"THE1B-int:ZNF530","positive"
"ZNF530","THE1C-int",0.560443536606775,"THE1C-int:ZNF530","positive"
"ZNF530","THE1D-int",0.661235003794214,"THE1D-int:ZNF530","positive"
"ZNF479","L1P3",0.641016179168262,"L1P3:ZNF479","positive"
"ZNF479","L1PB1",0.64632333947751,"L1PB1:ZNF479","positive"
"ZNF479","L1PB2",0.699662608236635,"L1PB2:ZNF479","positive"
"ZNF479","MER52-int",0.571745463238205,"MER52-int:ZNF479","positive"
"ZNF445","AluSc",-0.534772086692123,"AluSc:ZNF445","negative"
"ZNF445","AluY",-0.60970253668367,"AluY:ZNF445","negative"
"ZNF445","AluYc",-0.613509562774329,"AluYc:ZNF445","negative"
"ZNF445","LTR12C",0.609671743518079,"LTR12C:ZNF445","positive"
"ZNF445","LTR5_Hs",0.743395258642839,"LTR5_Hs:ZNF445","positive"
"ZNF445","LTR7B",0.69663347299241,"LTR7B:ZNF445","positive"
"ZNF445","MER11A",0.762877632924436,"MER11A:ZNF445","positive"
"ZNF445","MER21A",0.840587867807465,"MER21A:ZNF445","positive"
"ZNF445","MER8",0.666799048919484,"MER8:ZNF445","positive"
"ZNF17","L1P2",-0.63671427534832,"L1P2:ZNF17","negative"
"ZNF197","HAL1",-0.600089115941487,"HAL1:ZNF197","negative"
"ZNF197","L1MCa",-0.774444142954496,"L1MCa:ZNF197","negative"
"ZNF197","L1MEd",-0.6092046919619,"L1MEd:ZNF197","negative"
"ZNF197","L1MEg",-0.652430883417621,"L1MEg:ZNF197","negative"
"ZFP69B","HERV9-int",0.682673445392409,"HERV9-int:ZFP69B","positive"
"ZFP69B","HERVH-int",0.539653078435693,"HERVH-int:ZFP69B","positive"
"ZFP69B","HERVK-int",0.74632777666202,"HERVK-int:ZFP69B","positive"
"ZFP69B","L1PB1",-0.557027421157038,"L1PB1:ZFP69B","negative"
"ZFP69B","L2a",0.604101931395936,"L2a:ZFP69B","positive"
"ZFP69B","LTR13",0.732708266042219,"LTR13:ZFP69B","positive"
"ZFP69B","LTR67B",0.794533281143839,"LTR67B:ZFP69B","positive"
"ZFP69B","MER21C",0.685829005709429,"MER21C:ZFP69B","positive"
"ZFP69B","MLT1A0",0.761082915147876,"MLT1A0:ZFP69B","positive"
"ZFP69B","MLT1J",0.778085609054116,"MLT1J:ZFP69B","positive"
"ZFP69B","MSTA-int",0.777624794569762,"MSTA-int:ZFP69B","positive"
"ZFP69B","MSTB2",0.634462659492172,"MSTB2:ZFP69B","positive"
"ZFP69B","THE1B-int",0.744482591125534,"THE1B-int:ZFP69B","positive"
"ZFP69B","THE1C-int",0.696020291481723,"THE1C-int:ZFP69B","positive"
"ZFP69B","THE1D-int",0.707414408415056,"THE1D-int:ZFP69B","positive"
"ZNF626","HERVK3-int",0.538826326176384,"HERVK3-int:ZNF626","positive"
"ZNF626","HERVK9-int",0.590071608246736,"HERVK9-int:ZNF626","positive"
"ZNF626","HUERS-P3-int",0.549006226898129,"HUERS-P3-int:ZNF626","positive"
"ZNF33A","L1M1",-0.812815901274305,"L1M1:ZNF33A","negative"
"ZNF33A","L1M3",-0.693131774409808,"L1M3:ZNF33A","negative"
"ZNF33A","L1MA2",-0.752730741370734,"L1MA2:ZNF33A","negative"
"ZNF33A","L1MEc",-0.756387723063094,"L1MEc:ZNF33A","negative"
"ZNF33A","L1MEg",-0.554692940320219,"L1MEg:ZNF33A","negative"
"ZNF33A","L1PA2",-0.585463134137887,"L1PA2:ZNF33A","negative"
"ZNF33A","MER11A",0.609191564599043,"MER11A:ZNF33A","positive"
"ZNF33A","MER11B",0.605780872937704,"MER11B:ZNF33A","positive"
"ZNF33A","MER11C",0.641686665590577,"MER11C:ZNF33A","positive"
"ZNF33A","MLT1G",0.641186534712092,"MLT1G:ZNF33A","positive"
"ZNF605","L1MC5",-0.534455923015737,"L1MC5:ZNF605","negative"
"ZNF605","SVA_D",-0.545321374652093,"SVA_D:ZNF605","negative"
"ZNF605","SVA_E",-0.588183675663605,"SVA_E:ZNF605","negative"
"ZNF782","HERVK-int",0.687467835051733,"HERVK-int:ZNF782","positive"
"ZNF782","L1MEb",-0.607830962447561,"L1MEb:ZNF782","negative"
"ZNF782","MER21A",0.746571301094189,"MER21A:ZNF782","positive"
"ZNF136","HAL1",-0.563072775980686,"HAL1:ZNF136","negative"
"ZNF136","L1HS",-0.590701448489483,"L1HS:ZNF136","negative"
"ZNF136","L1M1",-0.737059202108585,"L1M1:ZNF136","negative"
"ZNF136","L1M2",-0.627147964378462,"L1M2:ZNF136","negative"
"ZNF136","L1M2c",-0.784361441510117,"L1M2c:ZNF136","negative"
"ZNF136","L1M3c",-0.720420523392013,"L1M3c:ZNF136","negative"
"ZNF136","L1M3f",-0.579063795239833,"L1M3f:ZNF136","negative"
"ZNF136","L1M4",-0.637781448485988,"L1M4:ZNF136","negative"
"ZNF136","L1M4b",-0.697709719777225,"L1M4b:ZNF136","negative"
"ZNF136","L1M4c",-0.774001880820054,"L1M4c:ZNF136","negative"
"ZNF136","L1MA4",-0.633171399782864,"L1MA4:ZNF136","negative"
"ZNF136","L1MA4A",-0.553839216777876,"L1MA4A:ZNF136","negative"
"ZNF136","L1MA5",-0.66816675422405,"L1MA5:ZNF136","negative"
"ZNF136","L1MA6",-0.564045550820698,"L1MA6:ZNF136","negative"
"ZNF136","L1MA8",-0.575429640256395,"L1MA8:ZNF136","negative"
"ZNF136","L1MA9",-0.680358569503309,"L1MA9:ZNF136","negative"
"ZNF136","L1MCa",-0.809651098989475,"L1MCa:ZNF136","negative"
"ZNF136","L1MDa",-0.780459026072208,"L1MDa:ZNF136","negative"
"ZNF136","L1MEc",-0.754717446569561,"L1MEc:ZNF136","negative"
"ZNF136","L1MEd",-0.560302734879078,"L1MEd:ZNF136","negative"
"ZNF136","L1MEf",-0.722133119435496,"L1MEf:ZNF136","negative"
"ZNF136","L1MEg",-0.632970087271167,"L1MEg:ZNF136","negative"
"ZNF136","L1P1",-0.602156733017405,"L1P1:ZNF136","negative"
"ZNF136","L1P2",-0.641982842412479,"L1P2:ZNF136","negative"
"ZNF136","L1PA6",-0.563565600761797,"L1PA6:ZNF136","negative"
"ZNF136","L1PA7",-0.60669900640432,"L1PA7:ZNF136","negative"
"ZNF136","L1PA8A",-0.614136949327735,"L1PA8A:ZNF136","negative"
"ZNF136","L1PB1",-0.623967980507897,"L1PB1:ZNF136","negative"
"ZNF136","L1PBa1",-0.564625094242731,"L1PBa1:ZNF136","negative"
"ZNF136","L1PBa",-0.664328678727247,"L1PBa:ZNF136","negative"
"ZKSCAN5","SVA_C",0.541490523914236,"SVA_C:ZKSCAN5","positive"
"ZNF33B","HUERS-P1-int",0.546764059877231,"HUERS-P1-int:ZNF33B","positive"
"ZNF33B","LTR33B",0.678958343088093,"LTR33B:ZNF33B","positive"
"ZNF33B","LTR50",0.738093331274946,"LTR50:ZNF33B","positive"
"ZNF33B","LTR67B",0.791941738980675,"LTR67B:ZNF33B","positive"
"ZNF418","MER49",0.659270332340759,"MER49:ZNF418","positive"
"ZNF418","MER72",0.676738769749546,"MER72:ZNF418","positive"
"ZNF418","MLT1F1-int",0.67000242389652,"MLT1F1-int:ZNF418","positive"
"ZNF418","THE1A",0.623648748866072,"THE1A:ZNF418","positive"
"ZNF441","AluSc8",-0.685562775797661,"AluSc8:ZNF441","negative"
"ZNF441","AluSc",-0.711904860267442,"AluSc:ZNF441","negative"
"ZNF441","AluSg4",-0.548245872751257,"AluSg4:ZNF441","negative"
"ZNF441","AluSg7",-0.7625421195851,"AluSg7:ZNF441","negative"
"ZNF441","AluSg",-0.598754836745381,"AluSg:ZNF441","negative"
"ZNF441","AluSx1",-0.540647283373082,"AluSx1:ZNF441","negative"
"ZNF441","AluSx3",-0.643092142893398,"AluSx3:ZNF441","negative"
"ZNF441","AluSx4",-0.61462265958012,"AluSx4:ZNF441","negative"
"ZNF441","AluY",-0.772386129368239,"AluY:ZNF441","negative"
"ZNF441","AluYa5",-0.667589250095261,"AluYa5:ZNF441","negative"
"ZNF441","AluYa8",-0.619886010405192,"AluYa8:ZNF441","negative"
"ZNF441","AluYc3",-0.571210673941396,"AluYc3:ZNF441","negative"
"ZNF441","AluYc",-0.766177396975741,"AluYc:ZNF441","negative"
"ZNF441","AluYg6",-0.574582951246229,"AluYg6:ZNF441","negative"
"ZNF441","LOR1a",0.63643097087352,"LOR1a:ZNF441","positive"
"ZNF441","MER66B",0.799168685973153,"MER66B:ZNF441","positive"
"ZNF257","LTR18A",0.534890367286102,"LTR18A:ZNF257","positive"
"ZNF786","AluYc",-0.846378012328013,"AluYc:ZNF786","negative"
"ZNF786","HERVK3-int",0.827850634880259,"HERVK3-int:ZNF786","positive"
"ZNF786","LTR10B1",0.646936185742134,"LTR10B1:ZNF786","positive"
"ZNF786","LTR12C",0.661286214227773,"LTR12C:ZNF786","positive"
"ZNF786","MER21C",0.791627603208844,"MER21C:ZNF786","positive"
"ZNF786","THE1B-int",0.858722453217847,"THE1B-int:ZNF786","positive"
"ZNF786","THE1C-int",0.724288336391974,"THE1C-int:ZNF786","positive"
"ZNF786","THE1D-int",0.728443892611419,"THE1D-int:ZNF786","positive"
"ZNF675","MSTA-int",0.828442790142227,"MSTA-int:ZNF675","positive"
"ZNF675","MSTD-int",0.646407121093803,"MSTD-int:ZNF675","positive"
"ZNF675","THE1-int",0.611028082793062,"THE1-int:ZNF675","positive"
"ZNF675","THE1A-int",0.853665514387502,"THE1A-int:ZNF675","positive"
"ZNF675","THE1B-int",0.844707751267422,"THE1B-int:ZNF675","positive"
"ZNF675","THE1C-int",0.782725994814639,"THE1C-int:ZNF675","positive"
"ZNF675","THE1D-int",0.865390716802239,"THE1D-int:ZNF675","positive"
"ZNF81","L1M3",-0.613533368495405,"L1M3:ZNF81","negative"
"ZNF81","L1MA9",-0.696045461842692,"L1MA9:ZNF81","negative"
"ZNF81","L1MD",-0.600632020276349,"L1MD:ZNF81","negative"
"ZNF273","MLT2B4",0.563507202716133,"MLT2B4:ZNF273","positive"
"ZNF84","L1HS",-0.673359932827968,"L1HS:ZNF84","negative"
"ZNF84","L1MC1",-0.648310646733265,"L1MC1:ZNF84","negative"
"ZNF84","L1P1",-0.762364149473374,"L1P1:ZNF84","negative"
"ZNF84","L1P2",-0.820895135019481,"L1P2:ZNF84","negative"
"ZNF84","L1P3",-0.583094244519445,"L1P3:ZNF84","negative"
"ZNF84","L1PA10",-0.541281076292434,"L1PA10:ZNF84","negative"
"ZNF84","L1PA12",-0.60996577933832,"L1PA12:ZNF84","negative"
"ZNF84","L1PA2",-0.617016391396641,"L1PA2:ZNF84","negative"
"ZNF84","L1PA4",-0.604301596195629,"L1PA4:ZNF84","negative"
"ZNF84","L1PA5",-0.556317005655937,"L1PA5:ZNF84","negative"
"ZNF84","L1PA6",-0.683929450402101,"L1PA6:ZNF84","negative"
"ZNF84","L1PA7",-0.669984108569702,"L1PA7:ZNF84","negative"
"ZNF84","L1PA8A",-0.613578991218733,"L1PA8A:ZNF84","negative"
"ZNF649","L1PA5",-0.608023625893728,"L1PA5:ZNF649","negative"
"ZNF248","L1M1",-0.614081374212223,"L1M1:ZNF248","negative"
"ZNF248","L1M2",-0.580971990167209,"L1M2:ZNF248","negative"
"ZNF248","L1MA3",-0.543302666028004,"L1MA3:ZNF248","negative"
"ZNF248","L1MA4",-0.561012662180047,"L1MA4:ZNF248","negative"
"ZNF248","L1MB5",0.645077155399815,"L1MB5:ZNF248","positive"
"ZNF248","L1MB8",0.545601123945124,"L1MB8:ZNF248","positive"
"ZNF248","L1MCa",-0.659772902108725,"L1MCa:ZNF248","negative"
"ZNF248","L1MDa",-0.643522323624562,"L1MDa:ZNF248","negative"
"ZNF248","L1ME3A",0.648477803811521,"L1ME3A:ZNF248","positive"
"ZNF248","L1P1",-0.59028560188911,"L1P1:ZNF248","negative"
"ZNF248","L1P2",-0.587665717846764,"L1P2:ZNF248","negative"
"ZNF248","L1P3",-0.68160378026731,"L1P3:ZNF248","negative"
"ZNF248","L1PA7",-0.634700541103991,"L1PA7:ZNF248","negative"
"ZNF248","L1PA8A",-0.545042049613906,"L1PA8A:ZNF248","negative"
"ZNF248","L1PB1",-0.591185643466068,"L1PB1:ZNF248","negative"
"ZNF248","L1PBa",-0.679237133630058,"L1PBa:ZNF248","negative"
"ZNF334","AluYa5",-0.610754527534883,"AluYa5:ZNF334","negative"
"ZNF334","ERVL-B4-int",0.72637143291487,"ERVL-B4-int:ZNF334","positive"
"ZNF334","ERVL-E-int",0.682279335673448,"ERVL-E-int:ZNF334","positive"
"ZNF334","LTR13",0.663359537994835,"LTR13:ZNF334","positive"
"ZNF334","LTR41B",0.705337897930947,"LTR41B:ZNF334","positive"
"ZNF334","SVA_D",0.57140080186226,"SVA_D:ZNF334","positive"
"ZNF334","SVA_E",0.612404271944378,"SVA_E:ZNF334","positive"
"ZNF442","LOR1a",0.61619237595289,"LOR1a:ZNF442","positive"
"ZNF587","HERVK-int",0.700230645532514,"HERVK-int:ZNF587","positive"
"ZNF587","HERVK14-int",0.549408463227121,"HERVK14-int:ZNF587","positive"
"ZNF587","HERVK3-int",0.749887940996757,"HERVK3-int:ZNF587","positive"
"ZNF587","HERVK9-int",0.741189287458298,"HERVK9-int:ZNF587","positive"
"ZNF587","LTR10B1",0.632192790495212,"LTR10B1:ZNF587","positive"
"ZNF587","LTR10C",0.665928760215185,"LTR10C:ZNF587","positive"
"ZNF587","LTR13",0.725891076561265,"LTR13:ZNF587","positive"
"ZNF587","LTR14",0.641256994270676,"LTR14:ZNF587","positive"
"ZNF587","LTR5B",0.691868859936993,"LTR5B:ZNF587","positive"
"ZNF587","LTR5_Hs",0.681830978496836,"LTR5_Hs:ZNF587","positive"
"ZNF587","MER34C2",0.628516539493149,"MER34C2:ZNF587","positive"
"ZNF587","MER66C",0.596026911156311,"MER66C:ZNF587","positive"
"ZNF587","MER9a3",0.570189563881781,"MER9a3:ZNF587","positive"
"ZNF587","MamGypLTR3",0.582872450338723,"MamGypLTR3:ZNF587","positive"
"ZNF627","MER34C2",0.578879967067398,"MER34C2:ZNF627","positive"
"ZNF425","L1M1",-0.655405441381319,"L1M1:ZNF425","negative"
"ZNF425","L1MA3",-0.738194914729111,"L1MA3:ZNF425","negative"
"ZNF425","L1P1",-0.64130548084621,"L1P1:ZNF425","negative"
"ZNF425","L1P2",-0.646430201251957,"L1P2:ZNF425","negative"
"ZNF425","L1PA7",-0.626117488731344,"L1PA7:ZNF425","negative"
"ZNF425","LTR13",0.677672086756317,"LTR13:ZNF425","positive"
"ZNF425","LTR26",0.558855417068775,"LTR26:ZNF425","positive"
"ZNF425","LTR41B",0.604195099726675,"LTR41B:ZNF425","positive"
"ZNF425","LTR5_Hs",0.617779069238348,"LTR5_Hs:ZNF425","positive"
"ZNF425","MER11B",0.584338647005547,"MER11B:ZNF425","positive"
"ZNF425","MLT1A1",0.570149909319707,"MLT1A1:ZNF425","positive"
"ZNF425","MSTB1",0.756938536210126,"MSTB1:ZNF425","positive"
"ZNF736","HUERS-P3b-int",0.78690267524235,"HUERS-P3b-int:ZNF736","positive"
"ZNF736","LTR12C",0.691466092207017,"LTR12C:ZNF736","positive"
"ZNF736","LTR12D",0.5797166637038,"LTR12D:ZNF736","positive"
"ZNF736","LTR1D",0.625365132357587,"LTR1D:ZNF736","positive"
"ZNF736","LTR27B",0.62451539412957,"LTR27B:ZNF736","positive"
"ZNF736","LTR9",0.640549979788044,"LTR9:ZNF736","positive"
"ZNF736","MER11D",0.669229704015826,"MER11D:ZNF736","positive"
"ZNF736","MER52A",0.700817119285437,"MER52A:ZNF736","positive"
"ZNF736","MER52C",0.650747557180308,"MER52C:ZNF736","positive"
"ZNF736","MER9a2",0.714261871700521,"MER9a2:ZNF736","positive"
"ZNF736","MLT1J1",0.582151361309906,"MLT1J1:ZNF736","positive"
"ZNF736","MLT1J2",0.716947714139307,"MLT1J2:ZNF736","positive"
"ZNF736","MSTA-int",0.691600643189766,"MSTA-int:ZNF736","positive"
"ZNF736","SVA_D",0.598331139477533,"SVA_D:ZNF736","positive"
"ZNF736","SVA_E",0.572627724597544,"SVA_E:ZNF736","positive"
"ZNF737","HERVK14-int",0.685876789582057,"HERVK14-int:ZNF737","positive"
"ZNF432","HERVK3-int",-0.701985788489632,"HERVK3-int:ZNF432","negative"
"ZNF432","MER57C1",-0.710331241232231,"MER57C1:ZNF432","negative"
"ZNF10","L1M4",-0.586001239279481,"L1M4:ZNF10","negative"
"ZNF10","L1MEd",-0.581457318622196,"L1MEd:ZNF10","negative"
"ZNF10","L1P1",-0.700787189544352,"L1P1:ZNF10","negative"
"ZNF10","L1P3",-0.718635876046558,"L1P3:ZNF10","negative"
"ZNF10","L1PA10",-0.580853632569334,"L1PA10:ZNF10","negative"
"ZNF10","L1PA15",-0.564706063677146,"L1PA15:ZNF10","negative"
"ZNF10","L1PA4",-0.560296549973891,"L1PA4:ZNF10","negative"
"ZNF10","L1PA6",-0.652238573599691,"L1PA6:ZNF10","negative"
"ZNF10","L1PA7",-0.769880344865704,"L1PA7:ZNF10","negative"
"ZNF10","L1PREC2",-0.54972019691209,"L1PREC2:ZNF10","negative"
"ZNF10","MLT1B",0.804359673350885,"MLT1B:ZNF10","positive"
"ZNF224","AluJb",0.703176764391452,"AluJb:ZNF224","positive"
"ZNF224","AluJr",0.679680147104691,"AluJr:ZNF224","positive"
"ZNF224","HERVIP10FH-int",0.557139333455177,"HERVIP10FH-int:ZNF224","positive"
"ZNF2","HUERS-P3-int",0.688723169431208,"HUERS-P3-int:ZNF2","positive"
"ZNF2","HUERS-P3b-int",0.640621393875085,"HUERS-P3b-int:ZNF2","positive"
"ZNF2","LTR12C",0.728631197220644,"LTR12C:ZNF2","positive"
"ZNF2","LTR12D",0.623821357375162,"LTR12D:ZNF2","positive"
"ZNF2","LTR12E",0.537013452397071,"LTR12E:ZNF2","positive"
"ZNF2","LTR13",0.555044107513269,"LTR13:ZNF2","positive"
"ZNF2","LTR41B",0.594273863287825,"LTR41B:ZNF2","positive"
"ZNF2","LTR50",0.684290335203683,"LTR50:ZNF2","positive"
"ZNF2","MER66B",0.680253074432556,"MER66B:ZNF2","positive"
"ZNF2","MSTA-int",0.683187993896023,"MSTA-int:ZNF2","positive"
"ZNF2","Tigger16a",0.589396492732841,"Tigger16a:ZNF2","positive"
