"geneName","teClass","teFamily","teName","pval","pair"
"ZNF157","LTR","ERV1","LTR10B1",1.59601238242,"LTR10B1:ZNF157"
"ZNF157","LTR","ERV1","LTR28",1.42657816218,"LTR28:ZNF157"
"ZNF157","LTR","ERVL","ERVL-B4-int",76.499977063,"ERVL-B4-int:ZNF157"
"ZNF157","LTR","ERVL","ERVL-E-int",98.1428808507,"ERVL-E-int:ZNF157"
"ZNF157","LTR","ERVL","HERVL-int",288.334449229,"HERVL-int:ZNF157"
"ZNF157","LTR","ERVL-MaLR","MLT1B",17.5210411847,"MLT1B:ZNF157"
"ZNF485","LTR","ERVL-MaLR","MSTB1",1.84787695025,"MSTB1:ZNF485"
"ZNF485","LTR","ERV1","MER4D",1.53137426864,"MER4D:ZNF485"
"ZNF485","LTR","ERVL-MaLR","THE1A",1.66940160205,"THE1A:ZNF485"
"ZNF485","LTR","ERV1","HERVP71A-int",7.74286948416,"HERVP71A-int:ZNF485"
"ZNF485","LINE","L1","L1PA13",16.2607874483,"L1PA13:ZNF485"
"ZNF485","LINE","L1","L1PA14",1.78772257227,"L1PA14:ZNF485"
"ZNF485","LINE","L1","L1PA15",3.96639028903,"L1PA15:ZNF485"
"ZNF485","LINE","L1","L1PREC2",2.02073308838,"L1PREC2:ZNF485"
"ZNF485","LINE","L1","L1MC1",30.5697754378,"L1MC1:ZNF485"
"ZNF485","LINE","L1","L1PA12",1.38891440814,"L1PA12:ZNF485"
"ZNF485","DNA","TcMar-Tigger","Tigger1",2.18307920686,"Tigger1:ZNF485"
"ZNF485","LINE","L1","L1MC4a",1.85489138541,"L1MC4a:ZNF485"
"ZNF485","LTR","ERV1","HERVIP10FH-int",3.40022398941,"HERVIP10FH-int:ZNF485"
"ZNF485","LTR","ERVK","HERVK14-int",2.36494883035,"HERVK14-int:ZNF485"
"ZNF485","LINE","L2","L2c",2.70224779973,"L2c:ZNF485"
"ZNF485","LTR","ERVL","ERVL-B4-int",43.8624368773,"ERVL-B4-int:ZNF485"
"ZNF485","LTR","ERVL","ERVL-E-int",24.4488855292,"ERVL-E-int:ZNF485"
"ZNF485","LTR","ERVL","HERVL-int",319.942227513,"HERVL-int:ZNF485"
"ZNF485","DNA","hAT-Charlie","MER20",154.663740944,"MER20:ZNF485"
"ZNF671","LTR","ERVL-MaLR","MSTA",4.36164347413,"MSTA:ZNF671"
"ZNF671","LINE","L1","L1M4b",15.2902999681,"L1M4b:ZNF671"
"ZNF671","LTR","ERV1","LTR10F",77.5650899767,"LTR10F:ZNF671"
"ZNF671","LTR","ERVL","MLT2B3",63.4790164673,"MLT2B3:ZNF671"
"ZNF671","LTR","ERVK","LTR13_",1.39102582519,"LTR13_:ZNF671"
"ZNF671","LTR","ERV1","Harlequin-int",1.75105883827,"Harlequin-int:ZNF671"
"ZNF671","LTR","ERVL","ERVL-B4-int",1.72602246314,"ERVL-B4-int:ZNF671"
"ZNF671","LTR","ERVL","HERVL-int",57.7395108784,"HERVL-int:ZNF671"
"ZNF614","SINE","Alu","AluSg4",1.54577110089,"AluSg4:ZNF614"
"ZNF614","LINE","L1","L1MEc",9.43183956457,"L1MEc:ZNF614"
"ZNF614","LINE","L1","L1MCa",6.60730388639,"L1MCa:ZNF614"
"ZNF614","LINE","L1","L1ME1",1.75102269181,"L1ME1:ZNF614"
"ZNF614","LINE","L1","L1MEd",1.95750074626,"L1MEd:ZNF614"
"ZNF614","LTR","ERV1","LTR10C",1.80678663289,"LTR10C:ZNF614"
"ZNF614","LTR","ERVL","MLT2B3",107.683379814,"MLT2B3:ZNF614"
"ZNF614","LTR","ERV1","MER66C",1.87338694406,"MER66C:ZNF614"
"ZNF682","LTR","Gypsy","MamGypLTR3",2.88841281295,"MamGypLTR3:ZNF682"
"ZNF682","LTR","ERVL-MaLR","THE1C-int",1.51618940409,"THE1C-int:ZNF682"
"ZNF682","LTR","ERVL-MaLR","THE1B-int",5.61930629196,"THE1B-int:ZNF682"
"ZNF682","LTR","ERV1","MER66A",132.303658487,"MER66A:ZNF682"
"ZNF682","LTR","ERV1","MER66C",195.997671251,"MER66C:ZNF682"
"ZNF682","LTR","ERV1","MER66D",110.178837123,"MER66D:ZNF682"
"ZNF682","LTR","ERV1","MER66B",319.942227513,"MER66B:ZNF682"
"ZNF682","LTR","ERV1","MER41B",8.23151492599,"MER41B:ZNF682"
"ZNF682","LTR","ERVL","LTR41",4.02935791696,"LTR41:ZNF682"
"ZNF682","LTR","ERVL","LTR41B",5.94146256736,"LTR41B:ZNF682"
"ZNF682","LTR","ERVL","LTR50",1.82290465735,"LTR50:ZNF682"
"ZNF124","LTR","ERV1","LTR10E",3.15323859726,"LTR10E:ZNF124"
"ZNF124","LTR","ERV1","LOR1a",243.150513525,"LOR1a:ZNF124"
"ZNF124","LTR","ERV1","LOR1b",319.942227513,"LOR1b:ZNF124"
"ZNF124","LTR","ERVK","LTR13_",28.1809273011,"LTR13_:ZNF124"
"ZNF124","LTR","ERVL-MaLR","THE1C-int",2.72068421893,"THE1C-int:ZNF124"
"ZNF124","LTR","ERVL-MaLR","MSTA-int",1.34720677034,"MSTA-int:ZNF124"
"ZNF124","LTR","ERVK","LTR14A",1.85912396679,"LTR14A:ZNF124"
"ZKSCAN5","DNA","hAT-Charlie","MER1A",1.45282605854,"MER1A:ZKSCAN5"
"ZKSCAN5","LTR","ERVL-MaLR","MSTB1",2.36305764704,"MSTB1:ZKSCAN5"
"ZKSCAN5","LTR","ERVL-MaLR","MSTB",2.70539569862,"MSTB:ZKSCAN5"
"ZKSCAN5","LTR","ERV1","HERVIP10FH-int",7.66204282566,"HERVIP10FH-int:ZKSCAN5"
"ZKSCAN5","LTR","ERVK","LTR14B",4.47738028604,"LTR14B:ZKSCAN5"
"ZKSCAN5","LINE","L2","L2a",3.06163573208,"L2a:ZKSCAN5"
"ZNF558","LINE","L1","L1MB4",2.58437625604,"L1MB4:ZNF558"
"ZNF558","LINE","L1","L1M4c",6.67294797708,"L1M4c:ZNF558"
"ZNF558","LINE","L1","L1MDa",2.83094786736,"L1MDa:ZNF558"
"ZNF558","LINE","L1","L1MCc",2.35824125262,"L1MCc:ZNF558"
"ZNF558","LINE","L1","L1MEf",8.17608061577,"L1MEf:ZNF558"
"ZNF558","LINE","L1","L1MEg",25.0494653332,"L1MEg:ZNF558"
"ZNF558","LINE","L1","L1MCa",3.80722057018,"L1MCa:ZNF558"
"ZNF558","LINE","L1","L1PA11",1.97982774471,"L1PA11:ZNF558"
"ZNF558","LINE","L1","L1PA14",2.12822279686,"L1PA14:ZNF558"
"ZNF558","LINE","L1","L1PREC2",1.38249143915,"L1PREC2:ZNF558"
"ZNF558","LINE","L1","L1M4",10.5145299539,"L1M4:ZNF558"
"ZNF558","LINE","L1","L1MEd",4.13911649776,"L1MEd:ZNF558"
"ZNF558","LTR","ERV1","LTR10B",1.65859228083,"LTR10B:ZNF558"
"ZNF558","LTR","Gypsy","MamGypLTR3",3.26331140102,"MamGypLTR3:ZNF558"
"ZNF558","LTR","ERVL-MaLR","THE1D-int",5.00881955884,"THE1D-int:ZNF558"
"ZNF558","LTR","ERV1","MER4E1",23.0202790709,"MER4E1:ZNF558"
"ZNF202","LTR","ERV1","HERVIP10FH-int",2.24466917622,"HERVIP10FH-int:ZNF202"
"ZNF334","SINE","Alu","AluSg4",1.96613567073,"AluSg4:ZNF334"
"ZNF334","SINE","Alu","FRAM",1.54840673169,"FRAM:ZNF334"
"ZNF334","LTR","ERVL","LTR41B",1.45584288313,"LTR41B:ZNF334"
"ZNF334","LTR","ERVL","ERVL-B4-int",2.69437709467,"ERVL-B4-int:ZNF334"
"ZNF334","LTR","ERVL","ERVL-E-int",4.02515713002,"ERVL-E-int:ZNF334"
"ZNF605","LTR","ERV1","MER57-int",1.53556178592,"MER57-int:ZNF605"
"ZNF605","LTR","ERV1","LTR26",1.68437982901,"LTR26:ZNF605"
"ZNF605","LINE","L1","L1MC5",37.6444019234,"L1MC5:ZNF605"
"ZNF605","LINE","L1","L1MC4a",93.2191244386,"L1MC4a:ZNF605"
"ZNF605","LINE","L1","L1MC4",170.742275089,"L1MC4:ZNF605"
"ZNF605","LINE","L1","L1MC3",90.3035050575,"L1MC3:ZNF605"
"ZNF605","LTR","Gypsy","MamGypLTR3",1.87696522852,"MamGypLTR3:ZNF605"
"ZNF605","LTR","ERVK","LTR14B",3.36707496389,"LTR14B:ZNF605"
"ZNF169","LTR","ERVL","MER54A",1.63959135871,"MER54A:ZNF169"
"ZNF169","LTR","ERVL-MaLR","MLT1A",1.90648115631,"MLT1A:ZNF169"
"ZNF169","LTR","ERV1","MER89",3.13977609154,"MER89:ZNF169"
"ZNF169","LTR","ERV1","LTR10B",1.63648451588,"LTR10B:ZNF169"
"ZNF169","LTR","ERV1","MER31B",29.5083350318,"MER31B:ZNF169"
"ZNF169","LTR","ERV1","HERV17-int",3.6044239309,"HERV17-int:ZNF169"
"ZNF169","LTR","ERV1","HERVIP10FH-int",4.01189581717,"HERVIP10FH-int:ZNF169"
"ZNF169","LTR","ERV1","Harlequin-int",2.92027930125,"Harlequin-int:ZNF169"
"ZNF484","LINE","L1","L1MB8",1.83964695699,"L1MB8:ZNF484"
"ZNF484","LINE","L1","L1MB5",2.72535767779,"L1MB5:ZNF484"
"ZNF484","LINE","L1","L1MC5",131.303420802,"L1MC5:ZNF484"
"ZNF736","LTR","ERV1","MER57E1",1.3271253583,"MER57E1:ZNF736"
"ZNF736","LTR","ERV1","LTR9",1.44559635217,"LTR9:ZNF736"
"ZNF736","LTR","ERV1","LTR1C",4.23272247353,"LTR1C:ZNF736"
"ZNF736","LTR","ERV1","LTR27",105.540892326,"LTR27:ZNF736"
"ZNF736","LTR","ERV1","LTR25",26.8577055597,"LTR25:ZNF736"
"ZNF736","LTR","ERV1","LTR27B",109.102046821,"LTR27B:ZNF736"
"ZNF736","LTR","ERV1","LTR28",114.122780682,"LTR28:ZNF736"
"ZNF736","LTR","ERV1","MER52A",319.942227513,"MER52A:ZNF736"
"ZNF736","LTR","ERV1","MER52C",319.942227513,"MER52C:ZNF736"
"ZNF736","LTR","ERV1","MER52D",319.942227513,"MER52D:ZNF736"
"ZNF736","LTR","ERV1","LTR1D",319.942227513,"LTR1D:ZNF736"
"ZNF736","LTR","ERVL","MER68",1.44655120637,"MER68:ZNF736"
"ZNF736","LTR","ERVL-MaLR","MSTA-int",4.30997549899,"MSTA-int:ZNF736"
"ZNF736","LTR","ERV1","MER4-int",3.94984234022,"MER4-int:ZNF736"
"ZNF736","LTR","ERV1","HUERS-P3b-int",1.45071753192,"HUERS-P3b-int:ZNF736"
"ZNF736","LTR","ERV1","MER61-int",2.01748833229,"MER61-int:ZNF736"
"ZNF736","LTR","ERV1","LTR25-int",2.34105177737,"LTR25-int:ZNF736"
"ZNF736","LTR","ERVL-MaLR","MLT1J1",7.68239295362,"MLT1J1:ZNF736"
"ZNF736","LTR","ERVL-MaLR","MLT1J2",9.56807866003,"MLT1J2:ZNF736"
"ZNF736","LTR","ERVK","MER9a3",3.79664402069,"MER9a3:ZNF736"
"ZNF736","LTR","ERVK","LTR14B",1.34758421084,"LTR14B:ZNF736"
"ZNF382","LINE","L1","L1P3",9.50512456268,"L1P3:ZNF382"
"ZNF382","LINE","L1","L1MA5",4.92849281627,"L1MA5:ZNF382"
"ZNF382","LINE","L1","L1M2",20.2701615045,"L1M2:ZNF382"
"ZNF382","LINE","L1","L1MA4A",16.2210384971,"L1MA4A:ZNF382"
"ZNF382","LINE","L1","L1MA4",4.40744723876,"L1MA4:ZNF382"
"ZNF382","LINE","L1","L1M2a",3.01589595617,"L1M2a:ZNF382"
"ZNF382","LINE","L1","L1M1",21.2118166139,"L1M1:ZNF382"
"ZNF382","LINE","L1","L1M4c",1.66223056891,"L1M4c:ZNF382"
"ZNF382","LINE","L1","L1MDa",6.46970450265,"L1MDa:ZNF382"
"ZNF382","LINE","L1","L1MA8",1.85105297848,"L1MA8:ZNF382"
"ZNF382","LINE","L1","L1PBa",1.95443404736,"L1PBa:ZNF382"
"ZNF382","LINE","L1","L1MCc",1.57169434254,"L1MCc:ZNF382"
"ZNF382","LINE","L1","L1MEf",9.27119422091,"L1MEf:ZNF382"
"ZNF382","LINE","L1","L1MEg",2.1731686287,"L1MEg:ZNF382"
"ZNF382","LINE","L1","L1MEc",18.8940188562,"L1MEc:ZNF382"
"ZNF382","LINE","L1","L1MCa",17.4633546586,"L1MCa:ZNF382"
"ZNF382","LINE","L1","L1P4",12.8076681044,"L1P4:ZNF382"
"ZNF382","LINE","L1","L1PA8A",21.2547941054,"L1PA8A:ZNF382"
"ZNF382","LINE","L1","L1PA11",3.09196606751,"L1PA11:ZNF382"
"ZNF382","LINE","L1","L1PA10",24.5932516881,"L1PA10:ZNF382"
"ZNF382","LINE","L1","L1PA16",21.8774336636,"L1PA16:ZNF382"
"ZNF382","LINE","L1","L1PA13",4.3327609664,"L1PA13:ZNF382"
"ZNF382","LINE","L1","L1PA14",9.71034343937,"L1PA14:ZNF382"
"ZNF382","LINE","L1","L1PA15",66.5963316911,"L1PA15:ZNF382"
"ZNF382","LINE","L1","L1PREC2",15.4265341421,"L1PREC2:ZNF382"
"ZNF382","LINE","L1","L1PA7",10.1663085755,"L1PA7:ZNF382"
"ZNF382","LINE","L1","L1PA8",4.20940173385,"L1PA8:ZNF382"
"ZNF382","LINE","L1","L1PA6",169.461215071,"L1PA6:ZNF382"
"ZNF382","LINE","L1","L1P1",185.508484708,"L1P1:ZNF382"
"ZNF382","LINE","L1","L1P2",20.3908424076,"L1P2:ZNF382"
"ZNF382","LINE","L1","L1PB1",2.28637552093,"L1PB1:ZNF382"
"ZNF382","LINE","L1","L1PB2",1.51026031516,"L1PB2:ZNF382"
"ZNF382","LINE","L1","L1M3",2.46825387827,"L1M3:ZNF382"
"ZNF382","LINE","L1","L1MA2",10.8431871775,"L1MA2:ZNF382"
"ZNF382","LINE","L1","L1PB",2.30294095479,"L1PB:ZNF382"
"ZNF382","LINE","L1","L1MA3",37.0057420082,"L1MA3:ZNF382"
"ZNF382","LINE","L1","L1MC",22.3790088087,"L1MC:ZNF382"
"ZNF382","LINE","L1","L1MD",28.578720625,"L1MD:ZNF382"
"ZNF382","LINE","L1","L1MC1",50.7383792662,"L1MC1:ZNF382"
"ZNF382","LINE","L1","L1M5",12.6146977562,"L1M5:ZNF382"
"ZNF382","LINE","L1","L1M4",15.562153761,"L1M4:ZNF382"
"ZNF382","LINE","L1","L1ME1",17.9958349129,"L1ME1:ZNF382"
"ZNF382","LTR","Gypsy","MamGypLTR3",3.86529675423,"MamGypLTR3:ZNF382"
"ZNF382","LINE","L1","L1PA15-16",7.61244149442,"L1PA15-16:ZNF382"
"ZNF425","LTR","ERVL-MaLR","MSTB1",6.97846826447,"MSTB1:ZNF425"
"ZNF425","LTR","ERV1","LTR26",1.36416619544,"LTR26:ZNF425"
"ZNF425","LTR","ERVL-MaLR","MLT1A1",41.3354799043,"MLT1A1:ZNF425"
"ZNF425","LINE","L1","L1M1",41.8998232805,"L1M1:ZNF425"
"ZNF425","LINE","L1","L1PA7",21.8545217333,"L1PA7:ZNF425"
"ZNF425","LINE","L1","L1PA8",1.34757202805,"L1PA8:ZNF425"
"ZNF425","LINE","L1","L1PA6",42.1376817565,"L1PA6:ZNF425"
"ZNF425","LINE","L1","L1P1",5.91496133988,"L1P1:ZNF425"
"ZNF425","LINE","L1","L1P2",3.04348313191,"L1P2:ZNF425"
"ZNF425","LINE","L1","L1MA3",11.9677226272,"L1MA3:ZNF425"
"ZNF425","LTR","ERV1","LTR71B",26.0789662826,"LTR71B:ZNF425"
"ZNF425","LTR","ERVL","LTR55",33.4468072096,"LTR55:ZNF425"
"ZNF425","LTR","ERVK","LTR13_",2.57735243491,"LTR13_:ZNF425"
"ZNF425","LTR","ERVL","LTR41B",2.57936460529,"LTR41B:ZNF425"
"ZNF425","LTR","ERVL","MER70A",1.51292123751,"MER70A:ZNF425"
"ZNF84","LINE","L1","L1P3",23.7804717451,"L1P3:ZNF84"
"ZNF84","LINE","L1","L1P4",33.6134630914,"L1P4:ZNF84"
"ZNF84","LINE","L1","L1PA8A",57.4317684465,"L1PA8A:ZNF84"
"ZNF84","LINE","L1","L1PA11",85.8749479935,"L1PA11:ZNF84"
"ZNF84","LINE","L1","L1PA10",136.694340116,"L1PA10:ZNF84"
"ZNF84","LINE","L1","L1PA16",285.883209938,"L1PA16:ZNF84"
"ZNF84","LINE","L1","L1PA13",100.096448781,"L1PA13:ZNF84"
"ZNF84","LINE","L1","L1PA14",67.4461950475,"L1PA14:ZNF84"
"ZNF84","LINE","L1","L1PA15",126.154265113,"L1PA15:ZNF84"
"ZNF84","LINE","L1","L1PREC2",96.6964383746,"L1PREC2:ZNF84"
"ZNF84","LINE","L1","L1PA7",319.942227513,"L1PA7:ZNF84"
"ZNF84","LINE","L1","L1PA8",75.6992135592,"L1PA8:ZNF84"
"ZNF84","LINE","L1","L1PA6",258.683687315,"L1PA6:ZNF84"
"ZNF84","LINE","L1","L1P1",76.3770533017,"L1P1:ZNF84"
"ZNF84","LINE","L1","L1P2",3.60027726969,"L1P2:ZNF84"
"ZNF84","LINE","L1","L1PB2",2.23266259774,"L1PB2:ZNF84"
"ZNF84","LINE","L1","L1MC1",4.52861019371,"L1MC1:ZNF84"
"ZNF84","LINE","L1","L1ME3A",2.56003771729,"L1ME3A:ZNF84"
"ZNF84","LINE","L1","L1PA12",11.6859038589,"L1PA12:ZNF84"
"ZNF248","LINE","L1","L1P3",30.430409689,"L1P3:ZNF248"
"ZNF248","LINE","L1","L1MB4",6.6335180466,"L1MB4:ZNF248"
"ZNF248","LINE","L1","L1MA6",5.49975187372,"L1MA6:ZNF248"
"ZNF248","LINE","L1","L1MA9",3.81793649951,"L1MA9:ZNF248"
"ZNF248","LINE","L1","L1MA5",7.24257545063,"L1MA5:ZNF248"
"ZNF248","LINE","L1","L1M2",32.1270731515,"L1M2:ZNF248"
"ZNF248","LINE","L1","L1MA4A",21.5457388804,"L1MA4A:ZNF248"
"ZNF248","LINE","L1","L1MA4",16.8163843011,"L1MA4:ZNF248"
"ZNF248","LINE","L1","L1M2a",1.64150645013,"L1M2a:ZNF248"
"ZNF248","LINE","L1","L1M1",22.2519305353,"L1M1:ZNF248"
"ZNF248","LINE","L1","L1MDa",3.16119286155,"L1MDa:ZNF248"
"ZNF248","LINE","L1","L1MA8",13.5245572115,"L1MA8:ZNF248"
"ZNF248","LINE","L1","L1PBa",5.53649086018,"L1PBa:ZNF248"
"ZNF248","LINE","L1","L1MCa",1.8480615338,"L1MCa:ZNF248"
"ZNF248","LINE","L1","L1P4",4.0218949517,"L1P4:ZNF248"
"ZNF248","LINE","L1","L1PA8A",10.4435008778,"L1PA8A:ZNF248"
"ZNF248","LINE","L1","L1PA11",21.3156351362,"L1PA11:ZNF248"
"ZNF248","LINE","L1","L1PA10",19.8616726256,"L1PA10:ZNF248"
"ZNF248","LINE","L1","L1PA13",20.7916643735,"L1PA13:ZNF248"
"ZNF248","LINE","L1","L1PA14",33.5256799678,"L1PA14:ZNF248"
"ZNF248","LINE","L1","L1PA15",29.4187225609,"L1PA15:ZNF248"
"ZNF248","LINE","L1","L1PREC2",48.5274858184,"L1PREC2:ZNF248"
"ZNF248","LINE","L1","L1PA7",306.795432945,"L1PA7:ZNF248"
"ZNF248","LINE","L1","L1PA8",40.6587955055,"L1PA8:ZNF248"
"ZNF248","LINE","L1","L1PA6",235.559448077,"L1PA6:ZNF248"
"ZNF248","LINE","L1","L1P1",18.1631295362,"L1P1:ZNF248"
"ZNF248","LINE","L1","L1P2",11.5492807106,"L1P2:ZNF248"
"ZNF248","LINE","L1","L1PB1",319.942227513,"L1PB1:ZNF248"
"ZNF248","LINE","L1","L1PB2",50.9478903253,"L1PB2:ZNF248"
"ZNF248","LINE","L1","L1M3",32.609499694,"L1M3:ZNF248"
"ZNF248","LINE","L1","L1MA2",83.295442603,"L1MA2:ZNF248"
"ZNF248","LINE","L1","L1PB",57.1197729661,"L1PB:ZNF248"
"ZNF248","LINE","L1","L1MA3",112.674620839,"L1MA3:ZNF248"
"ZNF248","LINE","L1","L1MC",41.7039333535,"L1MC:ZNF248"
"ZNF248","LINE","L1","L1MD",26.1938696771,"L1MD:ZNF248"
"ZNF248","LINE","L1","L1MC1",67.2574452493,"L1MC1:ZNF248"
"ZNF248","LINE","L1","L1MB8",21.8989208045,"L1MB8:ZNF248"
"ZNF248","LINE","L1","L1MB7",40.9675824379,"L1MB7:ZNF248"
"ZNF248","LINE","L1","L1MB5",6.99795315763,"L1MB5:ZNF248"
"ZNF248","LINE","L1","L1M5",47.8661663433,"L1M5:ZNF248"
"ZNF248","LINE","L1","L1M4",55.3756560852,"L1M4:ZNF248"
"ZNF248","LINE","L1","L1ME3A",3.34771497086,"L1ME3A:ZNF248"
"ZNF248","LINE","L1","L1ME1",28.0889435563,"L1ME1:ZNF248"
"ZNF248","LINE","L1","L1PA12",2.44753834332,"L1PA12:ZNF248"
"ZNF248","LINE","L1","L1PBa1",6.56428626316,"L1PBa1:ZNF248"
"ZNF354C","LTR","ERVL-MaLR","MSTD",7.02580840543,"MSTD:ZNF354C"
"ZNF354C","LINE","L1","L1PA7",25.2960207303,"L1PA7:ZNF354C"
"ZNF354C","LINE","L1","L1PA8",3.07866187611,"L1PA8:ZNF354C"
"ZNF354C","LINE","L1","L1PA6",12.4044662611,"L1PA6:ZNF354C"
"ZNF354C","LINE","L1","L1ME3",1.44520741599,"L1ME3:ZNF354C"
"ZNF354C","LTR","ERV1","MER4A1_",1.44361116453,"MER4A1_:ZNF354C"
"ZNF354C","LTR","ERV1","MER4-int",8.91684506439,"MER4-int:ZNF354C"
"ZNF354C","LTR","ERVL-MaLR","MLT1B",2.11078871352,"MLT1B:ZNF354C"
"ZNF616","SINE","Alu","AluY",9.32092067975,"AluY:ZNF616"
"ZNF616","LTR","ERV1","MER57-int",1.34409774143,"MER57-int:ZNF616"
"ZNF616","LTR","ERV1","MER52A",12.0229867533,"MER52A:ZNF616"
"ZNF616","LTR","ERV1","MER52D",11.9403841351,"MER52D:ZNF616"
"ZNF616","LTR","ERV1","MER41-int",6.213320405,"MER41-int:ZNF616"
"ZNF616","LTR","ERV1","HUERS-P3-int",39.3995075127,"HUERS-P3-int:ZNF616"
"ZNF616","LTR","ERV1","HUERS-P3b-int",22.4719436528,"HUERS-P3b-int:ZNF616"
"ZNF616","LTR","ERV1","MER61-int",67.4005285282,"MER61-int:ZNF616"
"ZNF616","LTR","ERV1","LTR25-int",51.4853398579,"LTR25-int:ZNF616"
"ZNF616","LTR","ERV1","MER52-int",31.6933470512,"MER52-int:ZNF616"
"ZNF550","LINE","L1","L1MB7",8.51516500078,"L1MB7:ZNF550"
"ZNF550","LINE","L1","L1M4",22.5985963465,"L1M4:ZNF550"
"ZNF550","LTR","ERV1","MER61A",1.71876910373,"MER61A:ZNF550"
"ZNF550","LTR","ERVL-MaLR","THE1C-int",16.6692057688,"THE1C-int:ZNF550"
"ZNF550","LTR","ERVL-MaLR","THE1D-int",15.983465095,"THE1D-int:ZNF550"
"ZNF550","LTR","ERVL-MaLR","THE1A-int",5.64891666858,"THE1A-int:ZNF550"
"ZNF550","LTR","ERVL-MaLR","MSTB-int",1.36367098062,"MSTB-int:ZNF550"
"ZNF550","LTR","ERVL-MaLR","MSTA-int",7.79372447046,"MSTA-int:ZNF550"
"ZNF550","LTR","ERVL-MaLR","THE1B-int",39.2569328656,"THE1B-int:ZNF550"
"ZNF460","SINE","Alu","AluYc",18.2128074146,"AluYc:ZNF460"
"ZNF460","SINE","Alu","AluSx",225.589100774,"AluSx:ZNF460"
"ZNF460","SINE","Alu","AluSx4",31.049110025,"AluSx4:ZNF460"
"ZNF460","SINE","Alu","AluSg",145.387189967,"AluSg:ZNF460"
"ZNF460","SINE","Alu","AluSx1",177.408892683,"AluSx1:ZNF460"
"ZNF460","SINE","Alu","AluSg7",18.6112146382,"AluSg7:ZNF460"
"ZNF460","SINE","Alu","AluY",319.942227513,"AluY:ZNF460"
"ZNF460","SINE","Alu","AluSx3",75.1636740355,"AluSx3:ZNF460"
"ZNF460","SINE","Alu","AluSq2",66.4427615386,"AluSq2:ZNF460"
"ZNF460","SINE","Alu","AluSg4",24.177216793,"AluSg4:ZNF460"
"ZNF460","SINE","Alu","AluSc8",71.6617912415,"AluSc8:ZNF460"
"ZNF460","SINE","Alu","AluSc",113.528974273,"AluSc:ZNF460"
"ZNF460","SINE","Alu","AluSz",116.139131769,"AluSz:ZNF460"
"ZNF460","SINE","Alu","AluSp",79.5788493989,"AluSp:ZNF460"
"ZNF460","SINE","Alu","AluSq",28.1809011095,"AluSq:ZNF460"
"ZNF460","SINE","Alu","AluSz6",17.7469087418,"AluSz6:ZNF460"
"ZNF460","SINE","Alu","AluJr",6.24568214997,"AluJr:ZNF460"
"ZNF460","SINE","Alu","AluJo",7.01445611267,"AluJo:ZNF460"
"ZNF460","SINE","Alu","AluJb",45.6612076884,"AluJb:ZNF460"
"ZNF445","SINE","Alu","AluYc",4.36620990456,"AluYc:ZNF445"
"ZNF445","SINE","Alu","AluSg",2.12400484093,"AluSg:ZNF445"
"ZNF445","SINE","Alu","AluSx1",2.31067300364,"AluSx1:ZNF445"
"ZNF445","SINE","Alu","AluY",13.8020609909,"AluY:ZNF445"
"ZNF445","SINE","Alu","AluSx3",1.95805001739,"AluSx3:ZNF445"
"ZNF445","SINE","Alu","AluSc8",4.55861746755,"AluSc8:ZNF445"
"ZNF445","SINE","Alu","AluSc",2.75189649061,"AluSc:ZNF445"
"ZNF445","SINE","Alu","AluSp",8.10981501823,"AluSp:ZNF445"
"ZNF445","DNA","TcMar-Tigger","MER8",7.50198422584,"MER8:ZNF445"
"ZNF445","LTR","ERVL","MER21A",1.63405151353,"MER21A:ZNF445"
"ZNF445","LTR","ERV1","LTR7B",4.39419696194,"LTR7B:ZNF445"
"ZNF445","LTR","ERVK","MER11A",2.12426499705,"MER11A:ZNF445"
"ZNF197","LTR","ERV1","MER57C2",1.41494230675,"MER57C2:ZNF197"
"ZNF197","LINE","L1","L1M2a",2.38584456957,"L1M2a:ZNF197"
"ZNF197","LINE","L1","L1MCc",1.30337785321,"L1MCc:ZNF197"
"ZNF197","LINE","L1","L1MEg",5.64113096443,"L1MEg:ZNF197"
"ZNF197","LINE","L1","L1MCa",5.1271482727,"L1MCa:ZNF197"
"ZNF197","LINE","L1","L1MEd",65.6813515052,"L1MEd:ZNF197"
"ZNF197","LINE","L1","HAL1",2.20532823909,"HAL1:ZNF197"
"ZNF792","LTR","ERV1","MER89",165.907716011,"MER89:ZNF792"
"ZNF26","LINE","L1","L1M4b",1.5821365573,"L1M4b:ZNF26"
"ZNF26","LINE","L1","L1MEg2",4.43941773925,"L1MEg2:ZNF26"
"ZNF26","LINE","L1","L1MCc",42.3108573962,"L1MCc:ZNF26"
"ZNF26","LINE","L1","L1MEf",69.259426511,"L1MEf:ZNF26"
"ZNF26","LINE","L1","L1MEg",77.4835978266,"L1MEg:ZNF26"
"ZNF26","LINE","L1","L1MEc",280.861357679,"L1MEc:ZNF26"
"ZNF26","LINE","L1","L1MCa",3.62837028834,"L1MCa:ZNF26"
"ZNF26","LINE","L1","L1MEb",28.7008920101,"L1MEb:ZNF26"
"ZNF26","LINE","L1","L1MB8",1.44464476314,"L1MB8:ZNF26"
"ZNF26","LINE","L1","L1M4",2.61236027998,"L1M4:ZNF26"
"ZNF26","LINE","L1","L1ME1",29.4059682115,"L1ME1:ZNF26"
"ZNF26","LINE","L1","L1MEd",7.77251607722,"L1MEd:ZNF26"
"ZNF26","LTR","ERV1","MER89",1.54348031191,"MER89:ZNF26"
"ZNF26","LTR","ERV1","LTR10F",1.5982659816,"LTR10F:ZNF26"
"ZNF26","LINE","L1","L1MC4",2.59580681957,"L1MC4:ZNF26"
"ZNF26","LTR","ERVL-MaLR","THE1A-int",5.51199053179,"THE1A-int:ZNF26"
"ZNF26","LTR","ERVL-MaLR","THE1B-int",1.42012591325,"THE1B-int:ZNF26"
"ZNF26","LINE","L2","L2a",2.84610227675,"L2a:ZNF26"
"ZNF354A","LTR","ERVL-MaLR","MLT1F1",1.35968884352,"MLT1F1:ZNF354A"
"ZNF354A","LINE","L1","L1MA4",1.63711202876,"L1MA4:ZNF354A"
"ZNF354A","LINE","L1","L1M1",1.72807944085,"L1M1:ZNF354A"
"ZNF354A","LINE","L1","L1M4c",7.02222975123,"L1M4c:ZNF354A"
"ZNF354A","LINE","L1","L1MDa",33.0214377892,"L1MDa:ZNF354A"
"ZNF354A","LINE","L1","L1PBa",1.71446129509,"L1PBa:ZNF354A"
"ZNF354A","LINE","L1","L1MEf",33.3286811378,"L1MEf:ZNF354A"
"ZNF354A","LINE","L1","L1MEg",2.19928177146,"L1MEg:ZNF354A"
"ZNF354A","LINE","L1","L1MEc",71.5315206586,"L1MEc:ZNF354A"
"ZNF354A","LINE","L1","L1PA6",2.12926382453,"L1PA6:ZNF354A"
"ZNF354A","LINE","L1","L1P2",1.916332717,"L1P2:ZNF354A"
"ZNF354A","LINE","L1","L1MA2",1.60666305281,"L1MA2:ZNF354A"
"ZNF354A","LINE","L1","L1MC",1.30337904645,"L1MC:ZNF354A"
"ZNF354A","LINE","L1","L1MD",5.28296948793,"L1MD:ZNF354A"
"ZNF354A","LINE","L1","L1MB7",4.15494956922,"L1MB7:ZNF354A"
"ZNF354A","LINE","L1","L1M4",9.0571267424,"L1M4:ZNF354A"
"ZNF354A","LINE","L1","L1ME1",9.82762460473,"L1ME1:ZNF354A"
"ZNF354A","LINE","L1","L1MEd",13.5176773015,"L1MEd:ZNF354A"
"ZNF354A","LINE","L1","L1PA15-16",1.38773779273,"L1PA15-16:ZNF354A"
"ZNF567","LINE","L1","L1MEg2",25.7178247915,"L1MEg2:ZNF567"
"ZNF567","LTR","ERVL","LTR16A2",20.277676559,"LTR16A2:ZNF567"
"ZNF567","LINE","L1","L1MCc",92.518845138,"L1MCc:ZNF567"
"ZNF567","LINE","L1","L1MEf",106.312508091,"L1MEf:ZNF567"
"ZNF567","LINE","L1","L1MEg",157.427658953,"L1MEg:ZNF567"
"ZNF567","LINE","L1","L1MEc",113.313060499,"L1MEc:ZNF567"
"ZNF567","LINE","L1","L1MCa",15.4191985341,"L1MCa:ZNF567"
"ZNF567","LINE","L1","L1MEb",16.6537456666,"L1MEb:ZNF567"
"ZNF567","LINE","L1","L1MC",1.36512031964,"L1MC:ZNF567"
"ZNF567","LINE","L1","L1MC1",3.24438315466,"L1MC1:ZNF567"
"ZNF567","LINE","L1","L1ME3",7.60058637058,"L1ME3:ZNF567"
"ZNF567","LINE","L1","L1ME3A",2.42762907491,"L1ME3A:ZNF567"
"ZNF567","LINE","L1","L1ME1",11.0246150109,"L1ME1:ZNF567"
"ZNF567","LINE","L1","L1MEd",7.47566494589,"L1MEd:ZNF567"
"ZNF317","LINE","L1","L1MB4",6.01474270009,"L1MB4:ZNF317"
"ZNF317","LINE","L1","L1M4b",86.6836952034,"L1M4b:ZNF317"
"ZNF317","LINE","L1","L1MA5",2.13696642454,"L1MA5:ZNF317"
"ZNF317","LINE","L1","L1M2",2.32492692375,"L1M2:ZNF317"
"ZNF317","LINE","L1","L1M1",4.6676475868,"L1M1:ZNF317"
"ZNF317","LINE","L1","L1M4c",7.36053438276,"L1M4c:ZNF317"
"ZNF317","LINE","L1","L1MDa",32.5045753296,"L1MDa:ZNF317"
"ZNF317","LINE","L1","L1PBa",7.7259587579,"L1PBa:ZNF317"
"ZNF317","LINE","L1","L1MCc",9.00282134271,"L1MCc:ZNF317"
"ZNF317","LINE","L1","L1MEf",114.361357035,"L1MEf:ZNF317"
"ZNF317","LINE","L1","L1MEg",155.502009676,"L1MEg:ZNF317"
"ZNF317","LINE","L1","L1MEc",177.961257261,"L1MEc:ZNF317"
"ZNF317","LINE","L1","L1MCa",9.9542036815,"L1MCa:ZNF317"
"ZNF317","LINE","L1","L1PA8A",1.32601637102,"L1PA8A:ZNF317"
"ZNF317","LINE","L1","L1PA10",1.57880648346,"L1PA10:ZNF317"
"ZNF317","LINE","L1","L1PA7",2.08874926241,"L1PA7:ZNF317"
"ZNF317","LINE","L1","L1PA6",1.68466086731,"L1PA6:ZNF317"
"ZNF317","LINE","L1","L1P2",7.04639385729,"L1P2:ZNF317"
"ZNF317","LINE","L1","L1PB1",10.9222180927,"L1PB1:ZNF317"
"ZNF317","LINE","L1","L1PB2",1.36607788646,"L1PB2:ZNF317"
"ZNF317","LINE","L1","L1MB8",5.70167165297,"L1MB8:ZNF317"
"ZNF317","LINE","L1","L1MB7",15.5899609461,"L1MB7:ZNF317"
"ZNF317","LINE","L1","L1MB5",6.21336719874,"L1MB5:ZNF317"
"ZNF317","LINE","L1","L1M4",59.798436189,"L1M4:ZNF317"
"ZNF317","LINE","L1","L1ME3",5.74257280057,"L1ME3:ZNF317"
"ZNF317","LINE","L1","L1ME3A",1.94134403626,"L1ME3A:ZNF317"
"ZNF317","LINE","L1","L1ME1",17.0027420016,"L1ME1:ZNF317"
"ZNF317","LINE","L1","L1PBa1",3.29971455859,"L1PBa1:ZNF317"
"ZNF317","LINE","L1","L1MEd",47.1615988392,"L1MEd:ZNF317"
"ZNF317","LTR","ERVL","LTR55",1.72682645896,"LTR55:ZNF317"
"ZNF317","LINE","L1","L1PA15-16",4.61206634853,"L1PA15-16:ZNF317"
"ZNF317","LINE","L1","HAL1",6.83811016184,"HAL1:ZNF317"
"ZNF133","DNA","hAT-Blackjack","MER63A",1.58011234472,"MER63A:ZNF133"
"ZNF133","LINE","L1","L1M4b",10.0984614357,"L1M4b:ZNF133"
"ZNF133","LINE","L1","L1M4c",1.52393513453,"L1M4c:ZNF133"
"ZNF133","LINE","L1","L1MDa",1.57967799315,"L1MDa:ZNF133"
"ZNF133","LINE","L1","L1PBa",2.36489681191,"L1PBa:ZNF133"
"ZNF133","LINE","L1","L1MEg2",2.0121892187,"L1MEg2:ZNF133"
"ZNF133","LINE","L1","L1MCc",11.3300019399,"L1MCc:ZNF133"
"ZNF133","LINE","L1","L1MEf",65.3673224844,"L1MEf:ZNF133"
"ZNF133","LINE","L1","L1MEg",62.8891306813,"L1MEg:ZNF133"
"ZNF133","LINE","L1","L1MEc",87.3176846681,"L1MEc:ZNF133"
"ZNF133","LINE","L1","L1MCa",23.2639777173,"L1MCa:ZNF133"
"ZNF133","LINE","L1","L1MEb",6.75375099732,"L1MEb:ZNF133"
"ZNF133","LINE","L1","L1P4",1.50687552469,"L1P4:ZNF133"
"ZNF133","LINE","L1","L1PA16",3.4407297855,"L1PA16:ZNF133"
"ZNF133","LINE","L1","L1PB1",2.16605770663,"L1PB1:ZNF133"
"ZNF133","LINE","L1","L1PB2",1.75437194619,"L1PB2:ZNF133"
"ZNF133","LINE","L1","L1MA3",2.00586270172,"L1MA3:ZNF133"
"ZNF133","LINE","L1","L1MB7",2.04154917298,"L1MB7:ZNF133"
"ZNF133","LINE","L1","L1M4",7.75308636375,"L1M4:ZNF133"
"ZNF133","LINE","L1","L1ME3A",1.60458944644,"L1ME3A:ZNF133"
"ZNF133","LINE","L1","L1ME1",10.7690199995,"L1ME1:ZNF133"
"ZNF133","DNA","TcMar-Tigger","Tigger2a",29.6455541042,"Tigger2a:ZNF133"
"ZNF133","DNA","TcMar-Tigger","MER8",37.6017638818,"MER8:ZNF133"
"ZNF133","LINE","L1","L1M7",59.9193783,"L1M7:ZNF133"
"ZNF133","LINE","L1","HAL1b",20.0698736559,"HAL1b:ZNF133"
"ZNF133","DNA","TcMar-Tigger","Tigger2",9.15122920069,"Tigger2:ZNF133"
"ZNF133","LINE","L1","L1MEd",39.3604886061,"L1MEd:ZNF133"
"ZNF133","LTR","ERV1","LTR10B1",1.82625066264,"LTR10B1:ZNF133"
"ZNF133","LTR","ERV1","MER39",1.87957922441,"MER39:ZNF133"
"ZNF133","LINE","L1","L1MC4",25.523435687,"L1MC4:ZNF133"
"ZNF133","LINE","L1","HAL1",19.0124485694,"HAL1:ZNF133"
"ZNF133","LTR","ERVK","HERVK22-int",2.43529373035,"HERVK22-int:ZNF133"
"ZNF133","LTR","ERVK","MER11A",7.94855869336,"MER11A:ZNF133"
"ZNF45","LINE","L1","L1MEf",15.8525733122,"L1MEf:ZNF45"
"ZNF45","LINE","L1","L1MEc",4.21967305942,"L1MEc:ZNF45"
"ZNF45","LINE","L1","L1MEb",39.9863331977,"L1MEb:ZNF45"
"ZNF154","LTR","ERV1","HERVP71A-int",42.5859993001,"HERVP71A-int:ZNF154"
"ZNF154","LINE","L1","L1MB4",29.2190733667,"L1MB4:ZNF154"
"ZNF154","LINE","L1","L1M2a",1.35894728147,"L1M2a:ZNF154"
"ZNF154","LINE","L1","L1M4c",73.1787535296,"L1M4c:ZNF154"
"ZNF154","LINE","L1","L1MB7",12.4549376838,"L1MB7:ZNF154"
"ZNF154","LINE","L1","L1MB5",3.84902488733,"L1MB5:ZNF154"
"ZNF154","LINE","L1","L1M4",72.4772853392,"L1M4:ZNF154"
"ZNF154","SINE","Alu","FLAM_C",2.29457781205,"FLAM_C:ZNF154"
"ZNF136","LINE","L1","L1MB4",3.41972012877,"L1MB4:ZNF136"
"ZNF136","LINE","L1","L1M4b",110.863136447,"L1M4b:ZNF136"
"ZNF136","LINE","L1","L1MA6",29.8545864463,"L1MA6:ZNF136"
"ZNF136","LINE","L1","L1MA9",33.3152259537,"L1MA9:ZNF136"
"ZNF136","LINE","L1","L1MA5",46.5816400264,"L1MA5:ZNF136"
"ZNF136","LINE","L1","L1M2",240.442128854,"L1M2:ZNF136"
"ZNF136","LINE","L1","L1MA4A",81.9666725361,"L1MA4A:ZNF136"
"ZNF136","LINE","L1","L1MA4",104.079106828,"L1MA4:ZNF136"
"ZNF136","LINE","L1","L1M3b",20.9033727564,"L1M3b:ZNF136"
"ZNF136","LINE","L1","L1M3c",20.6870612011,"L1M3c:ZNF136"
"ZNF136","LINE","L1","L1M2a",35.5281048839,"L1M2a:ZNF136"
"ZNF136","LINE","L1","L1M2c",23.2467184941,"L1M2c:ZNF136"
"ZNF136","LINE","L1","L1M1",114.723023025,"L1M1:ZNF136"
"ZNF136","LINE","L1","L1M4c",172.628934654,"L1M4c:ZNF136"
"ZNF136","LINE","L1","L1MDa",102.99672759,"L1MDa:ZNF136"
"ZNF136","LINE","L1","L1MA8",21.0894000951,"L1MA8:ZNF136"
"ZNF136","LINE","L1","L1M3f",81.2847569344,"L1M3f:ZNF136"
"ZNF136","LINE","L1","L1PBa",81.9046791204,"L1PBa:ZNF136"
"ZNF136","LINE","L1","L1MCc",4.05267535261,"L1MCc:ZNF136"
"ZNF136","LINE","L1","L1MEf",155.122643036,"L1MEf:ZNF136"
"ZNF136","LINE","L1","L1MEg",60.5559949584,"L1MEg:ZNF136"
"ZNF136","LINE","L1","L1MEc",116.345920407,"L1MEc:ZNF136"
"ZNF136","LINE","L1","L1MCa",30.1131564494,"L1MCa:ZNF136"
"ZNF136","LINE","L1","L1PA8A",2.25734655344,"L1PA8A:ZNF136"
"ZNF136","LINE","L1","L1PA11",2.36510595141,"L1PA11:ZNF136"
"ZNF136","LINE","L1","L1PA10",4.20866194817,"L1PA10:ZNF136"
"ZNF136","LINE","L1","L1PA13",2.27383095033,"L1PA13:ZNF136"
"ZNF136","LINE","L1","L1PA14",9.34468392403,"L1PA14:ZNF136"
"ZNF136","LINE","L1","L1PA15",7.04045717429,"L1PA15:ZNF136"
"ZNF136","LINE","L1","L1PA7",13.6136167747,"L1PA7:ZNF136"
"ZNF136","LINE","L1","L1PA8",1.46583529643,"L1PA8:ZNF136"
"ZNF136","LINE","L1","L1PA6",10.575053875,"L1PA6:ZNF136"
"ZNF136","LINE","L1","L1P1",1.78295289689,"L1P1:ZNF136"
"ZNF136","LINE","L1","L1P2",12.2306701576,"L1P2:ZNF136"
"ZNF136","LINE","L1","L1PB1",90.3362560337,"L1PB1:ZNF136"
"ZNF136","LINE","L1","L1PB2",21.4866709699,"L1PB2:ZNF136"
"ZNF136","LINE","L1","L1MB8",7.39406389376,"L1MB8:ZNF136"
"ZNF136","LINE","L1","L1MB7",25.1587430253,"L1MB7:ZNF136"
"ZNF136","LINE","L1","L1MB5",7.22757625414,"L1MB5:ZNF136"
"ZNF136","LINE","L1","L1M4",144.567446408,"L1M4:ZNF136"
"ZNF136","LINE","L1","L1ME3",1.54233602105,"L1ME3:ZNF136"
"ZNF136","LINE","L1","L1ME3A",1.30279112403,"L1ME3A:ZNF136"
"ZNF136","LINE","L1","L1ME1",15.6157209752,"L1ME1:ZNF136"
"ZNF136","LTR","ERVL","LTR18A",1.9539021566,"LTR18A:ZNF136"
"ZNF136","LINE","L1","L1PBa1",10.8362712189,"L1PBa1:ZNF136"
"ZNF136","LINE","L1","L1MEd",19.0551593568,"L1MEd:ZNF136"
"ZNF136","LINE","L1","L1PA15-16",1.79068345521,"L1PA15-16:ZNF136"
"ZNF136","LINE","L1","HAL1",25.7741557301,"HAL1:ZNF136"
"ZNF136","LTR","ERV1","Harlequin-int",4.9097509589,"Harlequin-int:ZNF136"
"ZNF782","LINE","L1","L1M4b",26.1027233452,"L1M4b:ZNF782"
"ZNF782","LINE","L1","L1MEf",1.41824435267,"L1MEf:ZNF782"
"ZNF782","LINE","L1","L1MEb",1.43191538258,"L1MEb:ZNF782"
"ZNF782","LINE","L1","L1MB7",1.63627171147,"L1MB7:ZNF782"
"ZNF782","LINE","L1","L1M4",7.40229222152,"L1M4:ZNF782"
"ZNF782","LTR","ERVL","MER21A",1.35311001502,"MER21A:ZNF782"
"ZNF782","LTR","ERVK","HERVK-int",1.69668963647,"HERVK-int:ZNF782"
"ZFP69B","LTR","ERVL","MER21C",2.0076779719,"MER21C:ZFP69B"
"ZFP69B","LTR","ERVL-MaLR","MSTB2",3.52642790588,"MSTB2:ZFP69B"
"ZFP69B","LTR","ERVL-MaLR","MLT1A0",1.45838279292,"MLT1A0:ZFP69B"
"ZFP69B","LINE","L1","L1PB1",6.52912835923,"L1PB1:ZFP69B"
"ZFP69B","LINE","L1","L1MC",1.61584009674,"L1MC:ZFP69B"
"ZFP69B","LINE","L1","L1MD",1.34343172513,"L1MD:ZFP69B"
"ZFP69B","LINE","L1","L1MC1",1.95311540266,"L1MC1:ZFP69B"
"ZFP69B","LINE","L1","L1M4",1.32005794581,"L1M4:ZFP69B"
"ZFP69B","LINE","L1","L1PA12",24.2558003583,"L1PA12:ZFP69B"
"ZFP69B","LTR","ERVL","LTR18A",42.9897096715,"LTR18A:ZFP69B"
"ZFP69B","LTR","ERV1","LTR77",2.58644676242,"LTR77:ZFP69B"
"ZFP69B","LTR","ERV1","MER61F",2.39745364103,"MER61F:ZFP69B"
"ZFP69B","LTR","ERV1","MER52A",1.90787234046,"MER52A:ZFP69B"
"ZFP69B","LTR","ERV1","LTR1D",1.45335899742,"LTR1D:ZFP69B"
"ZFP69B","LTR","ERVL-MaLR","THE1C-int",2.00797325013,"THE1C-int:ZFP69B"
"ZFP69B","LTR","ERVL-MaLR","THE1D-int",3.92676482446,"THE1D-int:ZFP69B"
"ZFP69B","LTR","ERVL-MaLR","MSTA-int",2.950776751,"MSTA-int:ZFP69B"
"ZFP69B","LTR","ERVL-MaLR","THE1B-int",3.49369117022,"THE1B-int:ZFP69B"
"ZFP69B","LTR","ERV1","HERV9-int",3.03436895175,"HERV9-int:ZFP69B"
"ZFP69B","LTR","ERV1","HERVH-int",49.6608956686,"HERVH-int:ZFP69B"
"ZFP69B","LTR","ERVL","LTR67B",8.83844494036,"LTR67B:ZFP69B"
"ZFP69B","LTR","ERVL-MaLR","MLT1J",1.82483300961,"MLT1J:ZFP69B"
"ZFP69B","LTR","ERVK","HERVK-int",1.83987623452,"HERVK-int:ZFP69B"
"ZFP69B","LINE","L2","L2a",3.05095785486,"L2a:ZFP69B"
"ZNF222","SINE","Alu","FRAM",1.92836735966,"FRAM:ZNF222"
"ZNF222","LTR","ERV1","LTR19A",2.07138628695,"LTR19A:ZNF222"
"ZNF222","LINE","L1","L1M3f",2.14869731375,"L1M3f:ZNF222"
"ZNF222","LINE","L1","L1PA16",5.97278828817,"L1PA16:ZNF222"
"ZNF222","LTR","ERVL","LTR18A",35.4897429528,"LTR18A:ZNF222"
"ZNF222","LTR","Gypsy","MamGypLTR3",1.89679809199,"MamGypLTR3:ZNF222"
"ZNF222","LTR","ERVK","LTR13_",3.67818801665,"LTR13_:ZNF222"
"ZNF222","LINE","L1","L1PA15-16",14.0606301953,"L1PA15-16:ZNF222"
"ZNF222","LTR","ERV1","HUERS-P3-int",2.21330591397,"HUERS-P3-int:ZNF222"
"ZNF222","LTR","ERV1","HUERS-P3b-int",2.45843425058,"HUERS-P3b-int:ZNF222"
"ZNF222","LTR","ERVL","LTR41",4.48773922214,"LTR41:ZNF222"
"ZNF222","LTR","ERVK","HERVK3-int",1.79513761652,"HERVK3-int:ZNF222"
"ZNF222","LTR","ERVK","LTR14B",2.05515237457,"LTR14B:ZNF222"
"ZNF222","DNA","hAT-Charlie","MER20",2.18195711617,"MER20:ZNF222"
"ZNF337","LTR","ERVL","MER54A",1.73064612721,"MER54A:ZNF337"
"ZNF337","LINE","L1","L1MA5",5.56002538678,"L1MA5:ZNF337"
"ZNF337","LINE","L1","L1M2",41.3930142014,"L1M2:ZNF337"
"ZNF337","LINE","L1","L1MA4A",7.0733144215,"L1MA4A:ZNF337"
"ZNF337","LINE","L1","L1M2a",6.52507352526,"L1M2a:ZNF337"
"ZNF337","LINE","L1","L1M2c",4.09208767411,"L1M2c:ZNF337"
"ZNF337","LINE","L1","L1M4c",14.3596632703,"L1M4c:ZNF337"
"ZNF337","LINE","L1","L1PBa",1.8763822336,"L1PBa:ZNF337"
"ZNF337","LINE","L1","L1PA11",2.62722104129,"L1PA11:ZNF337"
"ZNF337","LINE","L1","L1PA10",8.60566833316,"L1PA10:ZNF337"
"ZNF337","LINE","L1","L1PA16",18.2506668828,"L1PA16:ZNF337"
"ZNF337","LINE","L1","L1PA14",1.61370811077,"L1PA14:ZNF337"
"ZNF337","LINE","L1","L1M4",4.3566613251,"L1M4:ZNF337"
"ZNF337","LINE","L1","L1PA15-16",51.3018074699,"L1PA15-16:ZNF337"
"ZNF2","DNA","TcMar-Tigger","Tigger16a",39.5664848639,"Tigger16a:ZNF2"
"ZNF2","LTR","Gypsy","MamGypLTR3",47.1633243437,"MamGypLTR3:ZNF2"
"ZNF2","LTR","ERVK","LTR13_",23.1922701894,"LTR13_:ZNF2"
"ZNF2","LINE","L1","L1PA15-16",9.13210885479,"L1PA15-16:ZNF2"
"ZNF2","LTR","ERVL-MaLR","MSTA-int",2.69400467508,"MSTA-int:ZNF2"
"ZNF2","LTR","ERVL-MaLR","MST-int",1.84978114667,"MST-int:ZNF2"
"ZNF2","LTR","ERV1","HUERS-P3-int",3.76352518782,"HUERS-P3-int:ZNF2"
"ZNF2","LTR","ERV1","HUERS-P3b-int",6.3923179253,"HUERS-P3b-int:ZNF2"
"ZNF2","LTR","ERV1","MER66B",15.2842275838,"MER66B:ZNF2"
"ZNF2","LTR","ERVL","LTR41B",3.46432639813,"LTR41B:ZNF2"
"ZNF2","LTR","ERVL","LTR50",1.52848170944,"LTR50:ZNF2"
"ZNF101","SINE","Alu","AluJr4",4.59153168888,"AluJr4:ZNF101"
"ZNF101","SINE","Alu","AluJr",4.31805655386,"AluJr:ZNF101"
"ZNF101","SINE","Alu","AluJb",1.44215087114,"AluJb:ZNF101"
"ZNF101","LTR","ERVL","MER54A",1.46551837743,"MER54A:ZNF101"
"ZNF101","LTR","ERV1","HERVP71A-int",2.9839079842,"HERVP71A-int:ZNF101"
"ZNF101","LTR","ERV1","MER39B",2.87097969874,"MER39B:ZNF101"
"ZNF101","LTR","ERV1","MER39",23.8259040627,"MER39:ZNF101"
"ZNF101","LTR","ERV1","HERV9-int",7.38832712006,"HERV9-int:ZNF101"
"ZNF101","LTR","ERV1","HERV17-int",1.48507379864,"HERV17-int:ZNF101"
"ZNF101","LTR","ERV1","HERVH-int",4.22486119334,"HERVH-int:ZNF101"
"ZNF101","LTR","ERVL-MaLR","MLT1E2",1.68292915717,"MLT1E2:ZNF101"
"ZNF101","LTR","ERVK","HERVK-int",1.35949053355,"HERVK-int:ZNF101"
"ZNF101","LTR","ERVK","HERVK14-int",2.91053348996,"HERVK14-int:ZNF101"
"ZNF81","LINE","L1","L1MB4",1.51500481292,"L1MB4:ZNF81"
"ZNF81","LINE","L1","L1MA9",1.95449500914,"L1MA9:ZNF81"
"ZNF81","LINE","L1","L1MA4A",1.97809923829,"L1MA4A:ZNF81"
"ZNF81","LINE","L1","L1PB1",184.72456331,"L1PB1:ZNF81"
"ZNF81","LINE","L1","L1PB2",54.2038001867,"L1PB2:ZNF81"
"ZNF81","LINE","L1","L1M3",2.7640802875,"L1M3:ZNF81"
"ZNF81","LINE","L1","L1PB",12.1671643077,"L1PB:ZNF81"
"ZNF81","LINE","L1","L1MD",3.31864725931,"L1MD:ZNF81"
"ZNF81","LINE","L1","L1MC1",2.15514662096,"L1MC1:ZNF81"
"ZNF81","LINE","L1","L1MB8",12.4376979231,"L1MB8:ZNF81"
"ZNF81","LINE","L1","L1MB7",13.1264201916,"L1MB7:ZNF81"
"ZNF81","LINE","L1","L1MB5",1.43016398344,"L1MB5:ZNF81"
"ZNF81","LINE","L1","L1M5",10.5612082827,"L1M5:ZNF81"
"ZNF81","LINE","L1","L1ME3",26.1890834106,"L1ME3:ZNF81"
"ZNF81","LINE","L1","L1ME3A",23.4173967918,"L1ME3A:ZNF81"
"ZNF81","LINE","L1","L1ME1",44.3515480827,"L1ME1:ZNF81"
"ZNF528","LINE","L1","L1PBa",208.740241262,"L1PBa:ZNF528"
"ZNF528","LINE","L1","L1PB1",144.592008374,"L1PB1:ZNF528"
"ZNF528","LINE","L1","L1PB2",18.5324232097,"L1PB2:ZNF528"
"ZNF528","LINE","L1","L1PBa1",8.8710947739,"L1PBa1:ZNF528"
"ZNF528","LTR","ERV1","MER61F",1.62939390258,"MER61F:ZNF528"
"ZNF528","LTR","ERVL-MaLR","THE1D-int",1.460843418,"THE1D-int:ZNF528"
"ZNF528","LTR","ERVL-MaLR","THE1B-int",1.72284586805,"THE1B-int:ZNF528"
"ZNF528","LTR","ERV1","MER34C2",2.54977686403,"MER34C2:ZNF528"
"ZNF627","DNA","TcMar-Tigger","Tigger1",319.942227513,"Tigger1:ZNF627"
"ZNF627","LTR","ERVK","MER9a3",2.13561495147,"MER9a3:ZNF627"
"ZNF627","LTR","ERV1","MER34C2",12.4393550806,"MER34C2:ZNF627"
"ZIK1","LTR","ERVL-MaLR","MLT1F2",2.19688096313,"MLT1F2:ZIK1"
"ZIK1","LTR","ERVL-MaLR","MLT1E1",2.76027203276,"MLT1E1:ZIK1"
"ZIK1","DNA","TcMar-Mariner","MADE1",55.5059933723,"MADE1:ZIK1"
"ZIK1","SINE","Alu","AluSx",1.7765916069,"AluSx:ZIK1"
"ZIK1","LINE","L1","L1MCc",1.66587462186,"L1MCc:ZIK1"
"ZIK1","LINE","L1","L1P4",1.53532000057,"L1P4:ZIK1"
"ZIK1","LINE","L1","L1MC1",7.50615227341,"L1MC1:ZIK1"
"ZIK1","LTR","ERV1","MER52C",1.39153097067,"MER52C:ZIK1"
"ZIK1","LINE","L1","L1MC4a",1.55743831774,"L1MC4a:ZIK1"
"ZIK1","LTR","ERVL","LTR41B",1.32498203061,"LTR41B:ZIK1"
"ZIK1","LTR","ERVL-MaLR","MLT1J1",1.63343609224,"MLT1J1:ZIK1"
"ZIK1","LTR","ERVK","MER11A",5.194022593,"MER11A:ZIK1"
"ZNF33B","LTR","ERV1","HUERS-P1-int",1.48341761932,"HUERS-P1-int:ZNF33B"
"ZNF33B","LTR","ERVL","LTR50",21.9932791845,"LTR50:ZNF33B"
"ZNF33B","LTR","ERVL","LTR33A",134.874326815,"LTR33A:ZNF33B"
"ZNF33B","LTR","ERVL","LTR33B",13.2674900857,"LTR33B:ZNF33B"
"ZNF33B","LTR","ERVL","LTR67B",14.7436620673,"LTR67B:ZNF33B"
"ZNF684","LTR","ERVL-MaLR","MLT1H",1.44577405172,"MLT1H:ZNF684"
"ZNF684","LTR","ERVL","LTR33",1.56989661047,"LTR33:ZNF684"
"ZNF684","LTR","ERVL","LTR16B1",2.37625874549,"LTR16B1:ZNF684"
"ZNF684","LTR","ERVL","LTR18A",1.81573778644,"LTR18A:ZNF684"
"ZNF684","LTR","ERV1","HUERS-P3-int",2.34613440329,"HUERS-P3-int:ZNF684"
"ZNF684","LTR","ERV1","MER41B",25.2662270227,"MER41B:ZNF684"
"ZNF684","LTR","ERVL","LTR41",9.24820396951,"LTR41:ZNF684"
"ZNF684","LTR","ERVL","LTR33A",2.059481462,"LTR33A:ZNF684"
"ZNF684","LTR","ERVL","LTR33B",2.34664742905,"LTR33B:ZNF684"
"ZNF684","LTR","ERVL-MaLR","MLT1N2",1.37322384076,"MLT1N2:ZNF684"
"ZNF132","LTR","ERVL","LTR16B",28.6168690581,"LTR16B:ZNF132"
"ZNF132","LTR","ERVL","LTR16B1",113.26209497,"LTR16B1:ZNF132"
"ZNF132","LTR","ERVL","LTR16B2",25.9284839533,"LTR16B2:ZNF132"
"ZNF300","SINE","Alu","AluYc",2.30415630791,"AluYc:ZNF300"
"ZNF300","LINE","L1","L1P4",1.48323861431,"L1P4:ZNF300"
"ZNF300","LTR","ERV1","LTR17",2.58116924231,"LTR17:ZNF300"
"ZNF300","DNA","hAT-Charlie","Charlie1a",35.7027392509,"Charlie1a:ZNF300"
"ZNF555","LINE","L1","L1MCa",1.57327960513,"L1MCa:ZNF555"
"ZNF555","LTR","ERVL","LTR18A",1.64783631074,"LTR18A:ZNF555"
"ZNF778","LTR","ERVL-MaLR","MLT1A0",17.6752413196,"MLT1A0:ZNF778"
"ZNF778","LTR","ERVL-MaLR","MLT1A",1.86670084063,"MLT1A:ZNF778"
"ZNF778","LTR","ERVL-MaLR","MSTD",319.942227513,"MSTD:ZNF778"
"ZNF778","LTR","ERVL-MaLR","MLT1A1",49.9659647067,"MLT1A1:ZNF778"
"ZNF778","LTR","ERVL-MaLR","MSTC",186.542117532,"MSTC:ZNF778"
"ZNF331","LTR","ERVL-MaLR","MLT1F",6.79990336127,"MLT1F:ZNF331"
"ZNF331","LTR","ERVL-MaLR","MLT1F1",6.65175310699,"MLT1F1:ZNF331"
"ZNF331","LTR","ERVL-MaLR","MLT1G",22.1286550017,"MLT1G:ZNF331"
"ZNF331","LTR","ERVL-MaLR","MLT1G3",31.2596908337,"MLT1G3:ZNF331"
"ZNF331","LTR","ERVL-MaLR","MLT1G1",91.9414853127,"MLT1G1:ZNF331"
"ZNF331","LTR","ERVL-MaLR","MLT1H1",297.514505064,"MLT1H1:ZNF331"
"ZNF331","LTR","ERVL-MaLR","MLT1H2",250.192750161,"MLT1H2:ZNF331"
"ZNF331","LTR","ERVL-MaLR","MLT1H",319.942227513,"MLT1H:ZNF331"
"ZNF565","LTR","ERVL-MaLR","MLT1F2",2.14409855061,"MLT1F2:ZNF565"
"ZNF565","LTR","ERVL-MaLR","MLT1F",157.225728743,"MLT1F:ZNF565"
"ZNF565","LTR","ERVL-MaLR","MLT1F1",85.5681103908,"MLT1F1:ZNF565"
"ZNF565","LTR","ERVL-MaLR","MLT1G",241.345857856,"MLT1G:ZNF565"
"ZNF565","LTR","ERVL-MaLR","MLT1G3",209.681024065,"MLT1G3:ZNF565"
"ZNF565","LTR","ERVL-MaLR","MLT1G1",319.942227513,"MLT1G1:ZNF565"
"ZNF565","LTR","ERVL-MaLR","MLT1H1",25.3539647974,"MLT1H1:ZNF565"
"ZNF565","LTR","ERVL-MaLR","MLT1H2",8.33681739308,"MLT1H2:ZNF565"
"ZNF565","LINE","L1","L1M7",10.3447254491,"L1M7:ZNF565"
"ZNF565","LTR","ERV1","LTR9",3.07708923227,"LTR9:ZNF565"
"ZNF304","LTR","ERVL-MaLR","MLT1F2",319.942227513,"MLT1F2:ZNF304"
"ZNF304","LTR","ERVL-MaLR","MLT1E1A",149.177110965,"MLT1E1A:ZNF304"
"ZNF304","LTR","ERVL-MaLR","MLT1E1",39.2493162317,"MLT1E1:ZNF304"
"ZNF304","LTR","ERVL-MaLR","MLT1F",316.160414641,"MLT1F:ZNF304"
"ZNF304","LTR","ERVL-MaLR","MLT1F1",259.184305781,"MLT1F1:ZNF304"
"ZNF304","LTR","ERVL-MaLR","MLT1G3",1.83535221281,"MLT1G3:ZNF304"
"ZNF304","LTR","ERVL-MaLR","MLT1H1",2.32830016572,"MLT1H1:ZNF304"
"ZNF304","LTR","ERV1","LTR8A",3.43722618451,"LTR8A:ZNF304"
"ZNF304","LTR","ERVL-MaLR","MLT1E2",2.03599914278,"MLT1E2:ZNF304"
"ZNF333","LTR","ERVL-MaLR","MLT1G",2.84287427366,"MLT1G:ZNF333"
"ZNF333","LTR","ERVL-MaLR","MLT1H2",3.81911781553,"MLT1H2:ZNF333"
"ZNF333","LTR","ERVL-MaLR","MLT1H",16.7690730952,"MLT1H:ZNF333"
"ZNF333","LTR","ERVK","LTR13_",10.8693380596,"LTR13_:ZNF333"
"ZNF333","LTR","ERVL-MaLR","MLT1J",5.61810601722,"MLT1J:ZNF333"
"ZNF333","LTR","ERVL-MaLR","MLT1J1",44.7639003551,"MLT1J1:ZNF333"
"ZNF333","LTR","ERVL-MaLR","MLT1J2",175.759702488,"MLT1J2:ZNF333"
"ZNF333","LTR","ERVL-MaLR","MLT1I",14.9760018429,"MLT1I:ZNF333"
"ZNF566","LTR","ERV1","MER66C",1.45876914648,"MER66C:ZNF566"
"ZNF566","LTR","ERVL-MaLR","MLT1L",8.7702831419,"MLT1L:ZNF566"
"ZNF566","LTR","ERVL-MaLR","MLT1N2",35.4492172898,"MLT1N2:ZNF566"
"ZNF566","LTR","ERVL","LTR67B",75.4417606735,"LTR67B:ZNF566"
"ZNF566","LTR","ERVL-MaLR","MLT1J",111.099940894,"MLT1J:ZNF566"
"ZNF566","LTR","ERVL-MaLR","MLT1J1",3.81748779949,"MLT1J1:ZNF566"
"ZNF566","LTR","ERVL-MaLR","MLT1J2",6.82051761512,"MLT1J2:ZNF566"
"ZIM3","LTR","ERVL-MaLR","MLT1E1A",8.30814260609,"MLT1E1A:ZIM3"
"ZIM3","LTR","ERVL-MaLR","MLT1E1",3.79654522257,"MLT1E1:ZIM3"
"ZIM3","LTR","ERV1","MER57D",1.78625261694,"MER57D:ZIM3"
"ZIM3","LTR","ERV1","MER57E1",3.98749266924,"MER57E1:ZIM3"
"ZIM3","LTR","ERVL-MaLR","MLT1H-int",1.73474205843,"MLT1H-int:ZIM3"
"ZIM3","LTR","ERVL-MaLR","THE1A",6.48002968438,"THE1A:ZIM3"
"ZIM3","LTR","ERVL-MaLR","MSTC",2.01267326473,"MSTC:ZIM3"
"ZIM3","LINE","L1","L1M4b",1.50804764762,"L1M4b:ZIM3"
"ZIM3","LINE","L1","L1MA5",1.92245787012,"L1MA5:ZIM3"
"ZIM3","LINE","L1","L1M2",2.95786301745,"L1M2:ZIM3"
"ZIM3","LINE","L1","L1MA4A",2.80201600449,"L1MA4A:ZIM3"
"ZIM3","LINE","L1","L1MA4",2.29034824995,"L1MA4:ZIM3"
"ZIM3","LINE","L1","L1M3c",1.55690164298,"L1M3c:ZIM3"
"ZIM3","LINE","L1","L1M2a",5.31200642158,"L1M2a:ZIM3"
"ZIM3","LINE","L1","L1M2c",1.81404352908,"L1M2c:ZIM3"
"ZIM3","LINE","L1","L1M1",6.520806576,"L1M1:ZIM3"
"ZIM3","LINE","L1","L1MDa",15.6699428867,"L1MDa:ZIM3"
"ZIM3","LINE","L1","L1M3f",9.79017472772,"L1M3f:ZIM3"
"ZIM3","LINE","L1","L1MCc",9.06493780839,"L1MCc:ZIM3"
"ZIM3","LINE","L1","L1MEf",5.77760528158,"L1MEf:ZIM3"
"ZIM3","LINE","L1","L1MEg",5.32250378812,"L1MEg:ZIM3"
"ZIM3","LINE","L1","L1MEc",16.7273510607,"L1MEc:ZIM3"
"ZIM3","LINE","L1","L1MCa",8.4548688323,"L1MCa:ZIM3"
"ZIM3","LINE","L1","L1MEb",2.04287626924,"L1MEb:ZIM3"
"ZIM3","LINE","L1","L1PA8A",3.24136682566,"L1PA8A:ZIM3"
"ZIM3","LINE","L1","L1PA10",4.25946094313,"L1PA10:ZIM3"
"ZIM3","LINE","L1","L1MEd",5.50490088848,"L1MEd:ZIM3"
"ZIM3","LINE","L1","L1PA15-16",1.89045289479,"L1PA15-16:ZIM3"
"ZIM3","LINE","L1","HAL1",7.18947049675,"HAL1:ZIM3"
"ZIM3","LTR","ERVL","LTR41",2.31221035537,"LTR41:ZIM3"
"ZIM3","LTR","ERVL","LTR33A",2.45030385454,"LTR33A:ZIM3"
"ZIM3","LTR","ERVL","MER70A",18.8351017408,"MER70A:ZIM3"
"ZIM3","LTR","ERVL","MER70B",5.84353333385,"MER70B:ZIM3"
"ZIM3","DNA","PiggyBac","MER75",38.2670994728,"MER75:ZIM3"
"ZIM3","LTR","ERVL-MaLR","MLT1L",152.731438516,"MLT1L:ZIM3"
"ZIM3","LTR","ERVL-MaLR","MLT1N2",51.0771914007,"MLT1N2:ZIM3"
"ZIM3","LTR","ERVL-MaLR","MLT1K",45.9040974143,"MLT1K:ZIM3"
"ZIM3","LTR","ERVL","LTR67B",4.67982826923,"LTR67B:ZIM3"
"ZIM3","LTR","ERVL-MaLR","MLT1J",47.4193437264,"MLT1J:ZIM3"
"ZIM3","LTR","ERVL-MaLR","MLT1E2",13.095187258,"MLT1E2:ZIM3"
"ZIM3","LTR","ERVL-MaLR","MLT1D",5.17182022172,"MLT1D:ZIM3"
"ZIM3","LTR","ERV1","LTR17",8.30584136759,"LTR17:ZIM3"
"ZNF621","LTR","ERVL","LTR33B",1.34057990167,"LTR33B:ZNF621"
"ZNF621","LTR","ERVL-MaLR","MLT1K",123.095541324,"MLT1K:ZNF621"
"ZNF224","SINE","Alu","AluJr",2.43942534599,"AluJr:ZNF224"
"ZNF224","SINE","Alu","AluJb",4.2111743407,"AluJb:ZNF224"
"ZNF224","LTR","ERVK","LTR13_",2.42861962956,"LTR13_:ZNF224"
"ZNF224","LTR","ERV1","HERVIP10FH-int",1.35243635604,"HERVIP10FH-int:ZNF224"
"ZNF224","SINE","Alu","FLAM_C",1.93413831986,"FLAM_C:ZNF224"
"ZNF224","LTR","ERV1","Harlequin-int",2.42294060251,"Harlequin-int:ZNF224"
"ZNF224","LTR","ERVL","MER70A",168.171294338,"MER70A:ZNF224"
"ZNF224","LTR","ERVL","MER70B",87.8093658332,"MER70B:ZNF224"
"ZNF224","LTR","ERVK","HERVK22-int",1.31559146074,"HERVK22-int:ZNF224"
"ZNF224","DNA","hAT-Charlie","Charlie1a",1.30982101148,"Charlie1a:ZNF224"
"ZNF77","LTR","ERV1","MER57D",1.69157546431,"MER57D:ZNF77"
"ZNF77","LTR","ERV1","MER57E1",31.4629518684,"MER57E1:ZNF77"
"ZNF77","LTR","ERVL-MaLR","MLT1G3-int",1.8645613899,"MLT1G3-int:ZNF77"
"ZNF77","LTR","ERVL-MaLR","MLT1H-int",1.36431285089,"MLT1H-int:ZNF77"
"ZNF77","LTR","ERV1","LTR26",1.48016447674,"LTR26:ZNF77"
"ZNF77","LINE","L1","L1M4c",3.89051071369,"L1M4c:ZNF77"
"ZNF77","LINE","L2","L2a",5.94872194217,"L2a:ZNF77"
"ZNF549","DNA","hAT-Charlie","Charlie3",1.35960405689,"Charlie3:ZNF549"
"ZNF549","DNA","hAT-Charlie","MER1A",2.62003691451,"MER1A:ZNF549"
"ZNF549","LTR","ERV1","MER57C1",35.2978643786,"MER57C1:ZNF549"
"ZNF549","LTR","ERV1","MER57D",76.6919597795,"MER57D:ZNF549"
"ZNF549","LTR","ERV1","LTR54B",54.6843782804,"LTR54B:ZNF549"
"ZNF549","LTR","ERV1","MER57C2",30.0487151604,"MER57C2:ZNF549"
"ZNF549","LTR","ERV1","MER57E1",109.975381807,"MER57E1:ZNF549"
"ZNF549","LTR","ERV1","MER57B1",20.7663532194,"MER57B1:ZNF549"
"ZNF549","LTR","ERV1","MER57A1",22.3490407116,"MER57A1:ZNF549"
"ZNF189","LTR","ERV1","LTR9",2.23060816822,"LTR9:ZNF189"
"ZNF189","LTR","ERVL","LTR41",1.96764011487,"LTR41:ZNF189"
"ZNF189","LINE","L2","L2b",54.9211874455,"L2b:ZNF189"
"ZNF189","LINE","L2","L2c",41.0032561827,"L2c:ZNF189"
"ZNF189","LINE","L2","L2a",80.3994093516,"L2a:ZNF189"
"ZNF584","LTR","ERVL-MaLR","MLT1F2-int",48.9384766418,"MLT1F2-int:ZNF584"
"ZNF584","LTR","ERVL-MaLR","MLT1H2-int",42.0394979201,"MLT1H2-int:ZNF584"
"ZNF584","LTR","ERVL-MaLR","MLT1F-int",48.2676482861,"MLT1F-int:ZNF584"
"ZNF584","LTR","ERVL-MaLR","MLT1G1-int",27.5985263856,"MLT1G1-int:ZNF584"
"ZNF584","LTR","ERVL-MaLR","MLT1F1-int",30.6002264588,"MLT1F1-int:ZNF584"
"ZNF584","LTR","ERVL-MaLR","MLT1G3-int",23.1249683254,"MLT1G3-int:ZNF584"
"ZNF584","LTR","ERVL-MaLR","MLT1H-int",50.2616251324,"MLT1H-int:ZNF584"
"ZNF418","LTR","ERVL-MaLR","MLT1F1-int",2.16942097761,"MLT1F1-int:ZNF418"
"ZNF418","LTR","ERV1","MER72B",22.1504334811,"MER72B:ZNF418"
"ZNF418","LTR","ERV1","MER72",285.134552158,"MER72:ZNF418"
"ZNF418","LTR","ERV1","MER49",26.9670391403,"MER49:ZNF418"
"ZNF418","LTR","ERVL-MaLR","THE1A",3.41867237988,"THE1A:ZNF418"
"ZNF418","LTR","ERVL","LTR18A",4.69139955649,"LTR18A:ZNF418"
"ZNF418","LTR","ERV1","MER31B",1.33492656615,"MER31B:ZNF418"
"ZNF418","LTR","ERV1","HERV17-int",10.0946405129,"HERV17-int:ZNF418"
"ZNF74","LINE","L1","L1M5",3.34646023782,"L1M5:ZNF74"
"ZNF180","DNA","hAT-Charlie","Charlie8",99.43901693,"Charlie8:ZNF180"
"ZNF180","DNA","hAT-Charlie","MER102c",134.784534184,"MER102c:ZNF180"
