"geneName","teName","coef","pair","group","age"
"ZNF506","AluJb",0.650970465246347,"AluJb:ZNF506","positive","young"
"ZNF506","AluJo",0.563329239775903,"AluJo:ZNF506","positive","young"
"ZNF506","AluJr4",0.586097725950869,"AluJr4:ZNF506","positive","young"
"ZNF506","AluJr",0.569425734975938,"AluJr:ZNF506","positive","young"
"ZNF506","AluSz",0.605585285049119,"AluSz:ZNF506","positive","young"
"ZNF506","HUERS-P3-int",-0.659701833418538,"HUERS-P3-int:ZNF506","negative","young"
"ZNF506","HUERS-P3b-int",-0.567787630652975,"HUERS-P3b-int:ZNF506","negative","young"
"ZNF506","LTR10B1",-0.499386267700184,"LTR10B1:ZNF506","negative","young"
"ZNF506","LTR12C",-0.537016336193792,"LTR12C:ZNF506","negative","young"
"ZNF506","LTR13",-0.655290229590136,"LTR13:ZNF506","negative","young"
"ZNF506","LTR25-int",-0.611902602374087,"LTR25-int:ZNF506","negative","young"
"ZNF506","LTR41",-0.568626166906794,"LTR41:ZNF506","negative","young"
"ZNF506","LTR8",-0.525568830627979,"LTR8:ZNF506","negative","young"
"ZNF506","MER52C",-0.450490054937328,"MER52C:ZNF506","negative","young"
"ZNF506","MER61D",-0.458959985740581,"MER61D:ZNF506","negative","young"
"ZNF506","MER66B",-0.563354532964593,"MER66B:ZNF506","negative","young"
"ZNF506","MER9a3",-0.594463314841699,"MER9a3:ZNF506","negative","young"
"ZNF506","MLT1A",-0.637865813047854,"MLT1A:ZNF506","negative","young"
"ZNF506","MLT1G1",-0.605698855252342,"MLT1G1:ZNF506","negative","young"
"ZNF506","MST-int",-0.585521492086073,"MST-int:ZNF506","negative","young"
"ZNF506","MSTA-int",-0.669854087876646,"MSTA-int:ZNF506","negative","young"
"ZNF506","MamGypLTR3",-0.456133438026896,"MamGypLTR3:ZNF506","negative","young"
"ZNF506","THE1A-int",-0.62240751305196,"THE1A-int:ZNF506","negative","young"
"ZNF506","THE1B-int",-0.621083845671323,"THE1B-int:ZNF506","negative","young"
"ZNF506","THE1C-int",-0.587768195908576,"THE1C-int:ZNF506","negative","young"
"ZNF506","THE1D-int",-0.553150175643731,"THE1D-int:ZNF506","negative","young"
"ZNF671","ERVL-B4-int",0.799843148510615,"ERVL-B4-int:ZNF671","positive","old"
"ZNF671","HERVL-int",0.663582874348191,"HERVL-int:ZNF671","positive","old"
"ZNF671","Harlequin-int",0.548755665731103,"Harlequin-int:ZNF671","positive","old"
"ZNF671","L1M4b",-0.557347195731365,"L1M4b:ZNF671","negative","old"
"ZNF671","LTR13",0.807547959638261,"LTR13:ZNF671","positive","young"
"ZNF671","LTR13_",0.729115206955696,"LTR13_:ZNF671","positive","old"
"ZNF671","MLT2B3",0.749404261491951,"MLT2B3:ZNF671","positive","old"
"ZNF671","MSTA",0.785721060939047,"MSTA:ZNF671","positive","young"
"ZNF264","MLT1A0",0.51949547096434,"MLT1A0:ZNF264","positive","old"
"ZNF264","MLT1A",0.491192933711771,"MLT1A:ZNF264","positive","old"
"ZNF264","MLT1B",0.515552314070519,"MLT1B:ZNF264","positive","old"
"ZNF419","HERVK22-int",0.678242576130798,"HERVK22-int:ZNF419","positive","old"
"ZNF684","LTR33B",0.482229151113929,"LTR33B:ZNF684","positive","old"
"ZNF684","MER11B",0.548815932483321,"MER11B:ZNF684","positive","young"
"ZNF684","MER11C",0.493979965943803,"MER11C:ZNF684","positive","young"
"ZNF684","MLT1H",0.492476453969394,"MLT1H:ZNF684","positive","old"
"ZNF430","THE1A",-0.728720119265746,"THE1A:ZNF430","negative","young"
"ZNF430","THE1B",-0.734054139485385,"THE1B:ZNF430","negative","young"
"ZNF430","THE1C",-0.70691639581902,"THE1C:ZNF430","negative","young"
"ZNF430","THE1D",-0.693449924255255,"THE1D:ZNF430","negative","young"
"ZNF549","Charlie3",0.507320839599875,"Charlie3:ZNF549","positive","young"
"ZNF549","MER1A",0.829897690112325,"MER1A:ZNF549","positive","young"
"ZNF549","MER57A1",-0.465364662354275,"MER57A1:ZNF549","negative","young"
"ZNF549","MER57C1",0.657601374839608,"MER57C1:ZNF549","positive","young"
"ZNF549","MER57E1",0.624398270858818,"MER57E1:ZNF549","positive","young"
"ZNF211","L1M3",-0.583573574795152,"L1M3:ZNF211","negative","old"
"ZNF211","L1MA6",-0.557586314982851,"L1MA6:ZNF211","negative","old"
"ZNF211","L1MCa",-0.676253603128438,"L1MCa:ZNF211","negative","old"
"ZNF211","L1MEc",-0.685070603769083,"L1MEc:ZNF211","negative","old"
"ZNF211","L1PA8A",-0.563494112805771,"L1PA8A:ZNF211","negative","old"
"ZNF211","L1PB1",-0.608580877186718,"L1PB1:ZNF211","negative","old"
"ZNF211","L1PB2",-0.525278308336571,"L1PB2:ZNF211","negative","old"
"ZNF45","L1MEb",-0.568804981550651,"L1MEb:ZNF45","negative","old"
"ZNF45","L1MEc",-0.666653940962833,"L1MEc:ZNF45","negative","old"
"ZNF45","L1MEf",-0.644770952814254,"L1MEf:ZNF45","negative","old"
"ZNF133","HAL1",-0.475155581141808,"HAL1:ZNF133","negative","old"
"ZNF133","HAL1b",-0.522117374582693,"HAL1b:ZNF133","negative","old"
"ZNF133","HERVK22-int",0.606067262346608,"HERVK22-int:ZNF133","positive","old"
"ZNF133","L1M4b",-0.464576151923344,"L1M4b:ZNF133","negative","old"
"ZNF133","L1M4c",-0.537621189441599,"L1M4c:ZNF133","negative","old"
"ZNF133","L1M7",-0.504750143420243,"L1M7:ZNF133","negative","old"
"ZNF133","L1MB7",0.569888971245045,"L1MB7:ZNF133","positive","old"
"ZNF133","L1MC4",0.526700714582577,"L1MC4:ZNF133","positive","old"
"ZNF133","L1MCa",-0.532299083898747,"L1MCa:ZNF133","negative","old"
"ZNF133","L1MDa",-0.493444191322853,"L1MDa:ZNF133","negative","old"
"ZNF133","L1ME3A",0.488815954339118,"L1ME3A:ZNF133","positive","old"
"ZNF133","L1MEb",-0.643246050674778,"L1MEb:ZNF133","negative","old"
"ZNF133","L1MEc",-0.521957759071833,"L1MEc:ZNF133","negative","old"
"ZNF133","L1MEf",-0.527849627433132,"L1MEf:ZNF133","negative","old"
"ZNF133","L1MEg2",0.594876351706393,"L1MEg2:ZNF133","positive","old"
"ZNF133","L1P4",-0.447813246354976,"L1P4:ZNF133","negative","old"
"ZNF133","L1PB1",-0.468458643449526,"L1PB1:ZNF133","negative","old"
"ZNF133","L1PBa",-0.47403070675312,"L1PBa:ZNF133","negative","old"
"ZNF133","LTR10B1",0.547896814670844,"LTR10B1:ZNF133","positive","young"
"ZNF133","LTR7Y",0.636485151912537,"LTR7Y:ZNF133","positive","young"
"ZNF133","MER11A",0.660823562073702,"MER11A:ZNF133","positive","young"
"ZNF133","MER39",0.61339201922199,"MER39:ZNF133","positive","old"
"ZNF133","MER63A",0.646863947330274,"MER63A:ZNF133","positive","old"
"ZNF133","MER8",0.62413496891298,"MER8:ZNF133","positive","old"
"ZNF133","Tigger2",0.494012102340708,"Tigger2:ZNF133","positive","old"
"ZNF133","Tigger2a",0.603042734156742,"Tigger2a:ZNF133","positive","old"
"ZNF484","L1MB5",0.618299298076204,"L1MB5:ZNF484","positive","old"
"ZNF484","L1MB8",0.599958385438219,"L1MB8:ZNF484","positive","old"
"ZNF484","L1MC5",0.726119750558475,"L1MC5:ZNF484","positive","old"
"ZNF337","L1M2",-0.556360165253426,"L1M2:ZNF337","negative","young"
"ZNF337","L1M2c",-0.662692112090584,"L1M2c:ZNF337","negative","young"
"ZNF337","L1M4",-0.660026461989623,"L1M4:ZNF337","negative","young"
"ZNF337","L1M4c",-0.724648489974835,"L1M4c:ZNF337","negative","young"
"ZNF337","L1MA4A",-0.485782449077412,"L1MA4A:ZNF337","negative","young"
"ZNF337","L1MA5",-0.541510478956382,"L1MA5:ZNF337","negative","young"
"ZNF337","L1PBa",-0.598614391322806,"L1PBa:ZNF337","negative","young"
"ZNF337","MER54A",0.725563349579529,"MER54A:ZNF337","positive","young"
"ZNF317","HAL1",-0.452089339204741,"HAL1:ZNF317","negative","old"
"ZNF317","L1M4c",-0.456527134078678,"L1M4c:ZNF317","negative","old"
"ZNF317","L1MB4",0.561014002819878,"L1MB4:ZNF317","positive","old"
"ZNF317","L1MB5",0.632383415349174,"L1MB5:ZNF317","positive","old"
"ZNF317","L1MB7",0.642703075167959,"L1MB7:ZNF317","positive","old"
"ZNF317","L1MB8",0.668864303846482,"L1MB8:ZNF317","positive","old"
"ZNF317","L1MCa",-0.453321727542866,"L1MCa:ZNF317","negative","old"
"ZNF317","L1MDa",-0.447790129705128,"L1MDa:ZNF317","negative","old"
"ZNF317","L1ME3",0.589346137235191,"L1ME3:ZNF317","positive","old"
"ZNF317","L1ME3A",0.660874062191774,"L1ME3A:ZNF317","positive","old"
"ZNF317","LTR55",0.622983621205287,"LTR55:ZNF317","positive","old"
"ZNF331","MLT1F1",0.868061360770874,"MLT1F1:ZNF331","positive","old"
"ZNF331","MLT1F",0.839498849376294,"MLT1F:ZNF331","positive","old"
"ZNF331","MLT1G1",0.842958365865023,"MLT1G1:ZNF331","positive","old"
"ZNF331","MLT1G3",0.850703220539214,"MLT1G3:ZNF331","positive","old"
"ZNF331","MLT1G",0.799455618644304,"MLT1G:ZNF331","positive","old"
"ZNF331","MLT1H1",0.824960927580511,"MLT1H1:ZNF331","positive","old"
"ZNF331","MLT1H2",0.843409779603538,"MLT1H2:ZNF331","positive","old"
"ZNF331","MLT1H",0.841929616838652,"MLT1H:ZNF331","positive","old"
"ZNF141","HUERS-P3-int",-0.635964637949806,"HUERS-P3-int:ZNF141","negative","young"
"ZNF141","HUERS-P3b-int",-0.504351015691504,"HUERS-P3b-int:ZNF141","negative","young"
"ZNF141","L1M2c",0.557350679972472,"L1M2c:ZNF141","positive","young"
"ZNF141","L1P1",0.506124711568514,"L1P1:ZNF141","positive","young"
"ZNF141","L1P3",0.512182391810653,"L1P3:ZNF141","positive","young"
"ZNF141","LTR13",-0.577810139668176,"LTR13:ZNF141","negative","young"
"ZNF141","LTR17",-0.464221348756981,"LTR17:ZNF141","negative","young"
"ZNF141","LTR25-int",-0.546305953673599,"LTR25-int:ZNF141","negative","young"
"ZNF141","LTR27B",-0.518850532583406,"LTR27B:ZNF141","negative","young"
"ZNF141","MER11D",-0.569907829677007,"MER11D:ZNF141","negative","young"
"ZNF141","SVA_D",-0.504196305582872,"SVA_D:ZNF141","negative","young"
"ZNF304","LTR8A",0.76911501876725,"LTR8A:ZNF304","positive","young"
"ZNF304","MLT1E1",0.759699512807721,"MLT1E1:ZNF304","positive","old"
"ZNF304","MLT1E1A",0.760909509388808,"MLT1E1A:ZNF304","positive","old"
"ZNF304","MLT1E2",0.794308298209182,"MLT1E2:ZNF304","positive","old"
"ZNF304","MLT1F1",0.836748378971339,"MLT1F1:ZNF304","positive","old"
"ZNF304","MLT1F2",0.850378813446055,"MLT1F2:ZNF304","positive","old"
"ZNF304","MLT1F",0.789747832153158,"MLT1F:ZNF304","positive","old"
"ZNF304","MLT1G3",0.809120477792797,"MLT1G3:ZNF304","positive","old"
"ZNF304","MLT1H1",0.81071001710546,"MLT1H1:ZNF304","positive","old"
"ZNF132","LTR16B1",0.53181367360139,"LTR16B1:ZNF132","positive","old"
"ZNF132","LTR16B2",0.586967594400472,"LTR16B2:ZNF132","positive","old"
"ZNF132","LTR16B",0.748257008054523,"LTR16B:ZNF132","positive","old"
"ZNF189","L2a",0.784210907372165,"L2a:ZNF189","positive","old"
"ZNF189","L2b",0.767545691810857,"L2b:ZNF189","positive","old"
"ZNF189","L2c",0.778019688707836,"L2c:ZNF189","positive","old"
"ZNF189","LTR41",0.837110137008777,"LTR41:ZNF189","positive","old"
"ZNF189","LTR9",0.611310179728868,"LTR9:ZNF189","positive","young"
"ZIM3","L1M1",0.677799930022654,"L1M1:ZIM3","positive","old"
"ZIM3","L1M2",0.679747581853485,"L1M2:ZIM3","positive","old"
"ZIM3","L1M2a",0.594732398248612,"L1M2a:ZIM3","positive","old"
"ZIM3","L1M2c",0.61212609196799,"L1M2c:ZIM3","positive","old"
"ZIM3","L1M3c",0.647984350212027,"L1M3c:ZIM3","positive","old"
"ZIM3","L1M3f",0.682942167822279,"L1M3f:ZIM3","positive","old"
"ZIM3","L1MA4",0.619533480810653,"L1MA4:ZIM3","positive","old"
"ZIM3","L1MA4A",0.622918118881992,"L1MA4A:ZIM3","positive","old"
"ZIM3","L1MA5",0.554351219432237,"L1MA5:ZIM3","positive","old"
"ZIM3","L1MCa",0.593198180965479,"L1MCa:ZIM3","positive","old"
"ZIM3","L1MCc",0.638418764830166,"L1MCc:ZIM3","positive","old"
"ZIM3","L1MDa",0.571232523708905,"L1MDa:ZIM3","positive","old"
"ZIM3","L1MEb",0.585098200186617,"L1MEb:ZIM3","positive","old"
"ZIM3","L1MEc",0.570513488358725,"L1MEc:ZIM3","positive","old"
"ZIM3","L1MEf",0.517144352013065,"L1MEf:ZIM3","positive","old"
"ZIM3","L1PA10",0.621633640699174,"L1PA10:ZIM3","positive","old"
"ZIM3","L1PA15-16",0.638962981769386,"L1PA15-16:ZIM3","positive","old"
"ZIM3","L1PA8A",0.569873304796438,"L1PA8A:ZIM3","positive","old"
"ZIM3","LTR41",-0.662597352151992,"LTR41:ZIM3","negative","old"
"ZIM3","LTR67B",-0.601128505120328,"LTR67B:ZIM3","negative","old"
"ZIM3","MER57E1",-0.601458079703226,"MER57E1:ZIM3","negative","old"
"ZIM3","MER75",-0.538472115734371,"MER75:ZIM3","negative","young"
"ZIM3","MLT1D",-0.623376743498322,"MLT1D:ZIM3","negative","old"
"ZIM3","MLT1E1",-0.556703052230101,"MLT1E1:ZIM3","negative","old"
"ZIM3","MLT1E1A",-0.478459003044785,"MLT1E1A:ZIM3","negative","old"
"ZIM3","MLT1E2",-0.551026957331217,"MLT1E2:ZIM3","negative","old"
"ZIM3","MLT1J",-0.660971427677102,"MLT1J:ZIM3","negative","old"
"ZIM3","MLT1K",-0.512786795225308,"MLT1K:ZIM3","negative","old"
"ZIM3","MLT1L",-0.605478582580779,"MLT1L:ZIM3","negative","old"
"ZIM3","MLT1N2",-0.449947775714072,"MLT1N2:ZIM3","negative","old"
"ZIM3","MSTC",-0.587748632864895,"MSTC:ZIM3","negative","old"
"ZIM3","THE1A",-0.648443474565619,"THE1A:ZIM3","negative","young"
"ZNF182","AluY",-0.46153387825609,"AluY:ZNF182","negative","old"
"ZNF182","AluYc",-0.512835284079219,"AluYc:ZNF182","negative","old"
"ZNF182","HAL1",-0.544696883128189,"HAL1:ZNF182","negative","old"
"ZNF182","L1M4c",-0.51538209212564,"L1M4c:ZNF182","negative","old"
"ZNF182","L1MDa",-0.492791210931576,"L1MDa:ZNF182","negative","old"
"ZNF182","L1MEc",-0.449577905620275,"L1MEc:ZNF182","negative","old"
"ZNF182","L1MEf",-0.493262718226967,"L1MEf:ZNF182","negative","old"
"ZNF182","L1MEg",-0.449624671623563,"L1MEg:ZNF182","negative","old"
"ZNF182","L1PA2",-0.499725815251463,"L1PA2:ZNF182","negative","old"
"ZNF776","MSTA",0.863858469538547,"MSTA:ZNF776","positive","young"
"ZNF776","MSTB1",0.840737113910042,"MSTB1:ZNF776","positive","young"
"ZNF776","MSTB",0.758604390830573,"MSTB:ZNF776","positive","young"
"ZNF222","HUERS-P3-int",0.454203410996802,"HUERS-P3-int:ZNF222","positive","young"
"ZNF222","LTR41",0.474488969006376,"LTR41:ZNF222","positive","young"
"ZNF222","MER20",0.458588109561067,"MER20:ZNF222","positive","young"
"ZNF714","HERVK22-int",-0.606024676814724,"HERVK22-int:ZNF714","negative","young"
"ZNF714","LTR13",-0.734446236762343,"LTR13:ZNF714","negative","young"
"ZNF714","LTR50",-0.698086078652433,"LTR50:ZNF714","negative","young"
"ZNF714","MER61E",-0.56706446697636,"MER61E:ZNF714","negative","young"
"ZNF333","LTR13_",0.720218060108367,"LTR13_:ZNF333","positive","old"
"ZNF333","MLT1G",0.867589154112947,"MLT1G:ZNF333","positive","old"
"ZNF333","MLT1H2",0.797989232314317,"MLT1H2:ZNF333","positive","old"
"ZNF333","MLT1H",0.879405912714364,"MLT1H:ZNF333","positive","old"
"ZNF333","MLT1I",0.878354609874142,"MLT1I:ZNF333","positive","old"
"ZNF333","MLT1J1",0.814004855456491,"MLT1J1:ZNF333","positive","old"
"ZNF333","MLT1J2",0.8451440768358,"MLT1J2:ZNF333","positive","old"
"ZNF333","MLT1J",0.822934204547481,"MLT1J:ZNF333","positive","old"
"ZNF382","L1HS",-0.803535864426246,"L1HS:ZNF382","negative","old"
"ZNF382","L1M1",-0.732296066634696,"L1M1:ZNF382","negative","old"
"ZNF382","L1M2",-0.646277710318798,"L1M2:ZNF382","negative","old"
"ZNF382","L1M2a",-0.466675658016494,"L1M2a:ZNF382","negative","old"
"ZNF382","L1M3",-0.556418749133622,"L1M3:ZNF382","negative","old"
"ZNF382","L1M4",-0.52752584645837,"L1M4:ZNF382","negative","old"
"ZNF382","L1M4c",-0.792370010182391,"L1M4c:ZNF382","negative","old"
"ZNF382","L1MA2",-0.623673783150311,"L1MA2:ZNF382","negative","old"
"ZNF382","L1MA3",-0.661164799160195,"L1MA3:ZNF382","negative","old"
"ZNF382","L1MA4",-0.622120768221024,"L1MA4:ZNF382","negative","old"
"ZNF382","L1MA4A",-0.596989058316209,"L1MA4A:ZNF382","negative","old"
"ZNF382","L1MA5",-0.553854506612367,"L1MA5:ZNF382","negative","old"
"ZNF382","L1MA8",-0.462699900139713,"L1MA8:ZNF382","negative","old"
"ZNF382","L1MCa",-0.763970781257676,"L1MCa:ZNF382","negative","old"
"ZNF382","L1MCc",-0.464738510239402,"L1MCc:ZNF382","negative","old"
"ZNF382","L1MD",-0.584666055956198,"L1MD:ZNF382","negative","old"
"ZNF382","L1MDa",-0.769971789203052,"L1MDa:ZNF382","negative","old"
"ZNF382","L1MEc",-0.752696789212415,"L1MEc:ZNF382","negative","old"
"ZNF382","L1MEf",-0.755857611465926,"L1MEf:ZNF382","negative","old"
"ZNF382","L1MEg",-0.702534592166589,"L1MEg:ZNF382","negative","old"
"ZNF382","L1P1",-0.823997549328826,"L1P1:ZNF382","negative","old"
"ZNF382","L1P2",-0.826780493068336,"L1P2:ZNF382","negative","old"
"ZNF382","L1P3",-0.751936616453937,"L1P3:ZNF382","negative","old"
"ZNF382","L1P4",-0.531858239674004,"L1P4:ZNF382","negative","old"
"ZNF382","L1PA10",-0.519515689860708,"L1PA10:ZNF382","negative","old"
"ZNF382","L1PA11",-0.504919890628527,"L1PA11:ZNF382","negative","old"
"ZNF382","L1PA13",-0.568103944818414,"L1PA13:ZNF382","negative","old"
"ZNF382","L1PA14",-0.491733712963149,"L1PA14:ZNF382","negative","old"
"ZNF382","L1PA15-16",-0.499935367052042,"L1PA15-16:ZNF382","negative","old"
"ZNF382","L1PA15",-0.564861609169599,"L1PA15:ZNF382","negative","old"
"ZNF382","L1PA16",-0.535074116065524,"L1PA16:ZNF382","negative","old"
"ZNF382","L1PA2",-0.766883834637448,"L1PA2:ZNF382","negative","old"
"ZNF382","L1PA3",-0.644919555259115,"L1PA3:ZNF382","negative","old"
"ZNF382","L1PA4",-0.669591278076433,"L1PA4:ZNF382","negative","old"
"ZNF382","L1PA6",-0.623119593656977,"L1PA6:ZNF382","negative","old"
"ZNF382","L1PA7",-0.658498979713128,"L1PA7:ZNF382","negative","old"
"ZNF382","L1PA8",-0.502534562248949,"L1PA8:ZNF382","negative","old"
"ZNF382","L1PA8A",-0.609672825533129,"L1PA8A:ZNF382","negative","old"
"ZNF382","L1PB1",-0.639642500702398,"L1PB1:ZNF382","negative","old"
"ZNF382","L1PB2",-0.543436438099215,"L1PB2:ZNF382","negative","old"
"ZNF382","L1PB",-0.608995577686536,"L1PB:ZNF382","negative","old"
"ZNF382","L1PBa",-0.698685188589179,"L1PBa:ZNF382","negative","old"
"ZNF382","L1PREC2",-0.479617424787374,"L1PREC2:ZNF382","negative","old"
"ZNF382","MamGypLTR3",0.817320186031633,"MamGypLTR3:ZNF382","positive","old"
"PRDM9","L1PBa1",0.525776614927705,"L1PBa1:PRDM9","positive","old"
"PRDM9","MSTA",-0.526131949011812,"MSTA:PRDM9","negative","young"
"PRDM9","SVA_D",-0.534548853795024,"SVA_D:PRDM9","negative","young"
"PRDM9","SVA_E",-0.570350614589792,"SVA_E:PRDM9","negative","young"
"PRDM9","THE1A",-0.56724555271174,"THE1A:PRDM9","negative","young"
"PRDM9","THE1B",-0.538842785598295,"THE1B:PRDM9","negative","young"
"PRDM9","THE1D",-0.497699165470657,"THE1D:PRDM9","negative","young"
"ZNF12","MLT1A0",0.785659595162886,"MLT1A0:ZNF12","positive","old"
"ZNF12","MLT1A",0.767976917137957,"MLT1A:ZNF12","positive","old"
"ZNF12","MLT1B",0.771110899257819,"MLT1B:ZNF12","positive","old"
"ZNF12","MLT1D",0.771477762470013,"MLT1D:ZNF12","positive","old"
"ZNF12","MLT1H",0.773168280674625,"MLT1H:ZNF12","positive","old"
"ZNF12","MLT1I",0.788761962304378,"MLT1I:ZNF12","positive","old"
"ZNF12","MLT1J1",0.805068036332949,"MLT1J1:ZNF12","positive","old"
"ZNF12","MLT1J2",0.787879217054176,"MLT1J2:ZNF12","positive","old"
"ZNF12","MLT1J",0.811831418293315,"MLT1J:ZNF12","positive","old"
"ZNF202","LTR12E",0.535617423643359,"LTR12E:ZNF202","positive","young"
"ZNF202","SVA_D",0.614161875221642,"SVA_D:ZNF202","positive","young"
"ZNF202","SVA_E",0.598846086607243,"SVA_E:ZNF202","positive","young"
"ZNF202","SVA_F",0.568080057626277,"SVA_F:ZNF202","positive","young"
"ZNF180","Charlie8",0.784830667028785,"Charlie8:ZNF180","positive","old"
"ZNF180","MER102c",0.696730887165963,"MER102c:ZNF180","positive","old"
"ZNF641","LTR12C",0.82704519416192,"LTR12C:ZNF641","positive","young"
"ZNF641","LTR12D",0.527660167536634,"LTR12D:ZNF641","positive","young"
"ZNF641","LTR12E",0.83671112214724,"LTR12E:ZNF641","positive","young"
"ZNF641","SVA_A",0.472480130410644,"SVA_A:ZNF641","positive","young"
"ZNF641","SVA_B",0.624286420924486,"SVA_B:ZNF641","positive","young"
"ZNF641","SVA_C",0.789892299618388,"SVA_C:ZNF641","positive","young"
"ZNF641","SVA_D",0.829004788376882,"SVA_D:ZNF641","positive","young"
"ZNF641","SVA_E",0.830740950037569,"SVA_E:ZNF641","positive","young"
"ZNF641","SVA_F",0.653973244875662,"SVA_F:ZNF641","positive","young"
"ZNF528","L1PB1",-0.589885018215044,"L1PB1:ZNF528","negative","young"
"ZNF528","L1PB2",-0.485134405901449,"L1PB2:ZNF528","negative","young"
"ZNF528","L1PBa1",-0.446201258244269,"L1PBa1:ZNF528","negative","young"
"ZNF528","L1PBa",-0.617305230510606,"L1PBa:ZNF528","negative","young"
"ZNF528","MER34C2",0.476426188113833,"MER34C2:ZNF528","positive","young"
"ZNF528","MER9a2",0.671096006472698,"MER9a2:ZNF528","positive","young"
"ZNF528","THE1B-int",0.7406761763152,"THE1B-int:ZNF528","positive","young"
"ZNF528","THE1D-int",0.716036870933156,"THE1D-int:ZNF528","positive","young"
"ZNF558","SVA_C",0.467121214278567,"SVA_C:ZNF558","positive","young"
"ZNF30","LTR12C",0.448659435942438,"LTR12C:ZNF30","positive","young"
"ZNF778","LTR13",0.520364429425755,"LTR13:ZNF778","positive","young"
"ZNF778","MLT1A0",0.49747489018948,"MLT1A0:ZNF778","positive","young"
"ZNF778","MLT1A1",0.450579667655515,"MLT1A1:ZNF778","positive","young"
"ZNF778","MLT1A",0.450962738954821,"MLT1A:ZNF778","positive","young"
"ZNF778","MSTC",0.455206351634961,"MSTC:ZNF778","positive","young"
"ZNF778","MSTD",0.471946832720116,"MSTD:ZNF778","positive","young"
"ZNF440","HERVK9-int",0.702499383358085,"HERVK9-int:ZNF440","positive","young"
"ZNF440","L1M4b",-0.5103462408763,"L1M4b:ZNF440","negative","young"
"ZNF440","L1PA14",-0.459068428286876,"L1PA14:ZNF440","negative","young"
"ZNF440","L1PB1",-0.574349653627155,"L1PB1:ZNF440","negative","young"
"ZNF440","LTR10B1",0.645381110440628,"LTR10B1:ZNF440","positive","young"
"ZNF440","LTR13",0.729945317086754,"LTR13:ZNF440","positive","young"
"ZNF440","LTR41B",0.467345706134782,"LTR41B:ZNF440","positive","young"
"ZNF440","LTR5B",0.780799215109468,"LTR5B:ZNF440","positive","young"
"ZNF440","MER11A",0.686550184169718,"MER11A:ZNF440","positive","young"
"ZNF440","MER4A1",0.459391601088527,"MER4A1:ZNF440","positive","young"
"ZNF440","MSTB1",0.619384463390981,"MSTB1:ZNF440","positive","young"
"ZNF440","MamGypLTR3",0.550584245508397,"MamGypLTR3:ZNF440","positive","young"
"ZNF584","LTR5_Hs",0.815480089446921,"LTR5_Hs:ZNF584","positive","young"
"ZNF584","MLT1F-int",0.762264316470336,"MLT1F-int:ZNF584","positive","old"
"ZNF584","MLT1F1-int",0.705449169735587,"MLT1F1-int:ZNF584","positive","old"
"ZNF584","SVA_C",0.643416886219965,"SVA_C:ZNF584","positive","young"
"ZIK1","AluSx",-0.689235835526425,"AluSx:ZIK1","negative","old"
"ZIK1","L1MC4a",0.653151469480987,"L1MC4a:ZIK1","positive","old"
"ZIK1","LTR41B",0.618644691709924,"LTR41B:ZIK1","positive","old"
"ZIK1","MADE1",0.760966835563579,"MADE1:ZIK1","positive","young"
"ZIK1","MER11A",0.800941869386223,"MER11A:ZIK1","positive","young"
"ZIK1","MER52C",0.732822481602799,"MER52C:ZIK1","positive","old"
"ZIK1","MLT1E1",0.748593848226104,"MLT1E1:ZIK1","positive","old"
"ZIK1","MLT1F2",0.820693504796192,"MLT1F2:ZIK1","positive","old"
"ZIK1","MLT1J1",0.788125683985046,"MLT1J1:ZIK1","positive","old"
"ZNF417","HERVK14-int",0.508125516390101,"HERVK14-int:ZNF417","positive","old"
"ZNF417","LTR10B1",0.467790625732545,"LTR10B1:ZNF417","positive","young"
"ZNF417","LTR12C",0.469194618648388,"LTR12C:ZNF417","positive","young"
"ZNF417","MER66C",0.468224083465769,"MER66C:ZNF417","positive","young"
"ZNF519","AluSc8",-0.720849164177623,"AluSc8:ZNF519","negative","young"
"ZNF519","AluSc",-0.721393501105138,"AluSc:ZNF519","negative","young"
"ZNF519","AluSg4",-0.644744123586037,"AluSg4:ZNF519","negative","young"
"ZNF519","AluSg7",-0.73547548962701,"AluSg7:ZNF519","negative","young"
"ZNF519","AluSg",-0.610996779937135,"AluSg:ZNF519","negative","young"
"ZNF519","AluSp",-0.641568959477232,"AluSp:ZNF519","negative","young"
"ZNF519","AluSq2",-0.631576972277658,"AluSq2:ZNF519","negative","young"
"ZNF519","AluSq",-0.672794658796688,"AluSq:ZNF519","negative","young"
"ZNF519","AluSx1",-0.63723886935051,"AluSx1:ZNF519","negative","young"
"ZNF519","AluSx3",-0.704392313958394,"AluSx3:ZNF519","negative","young"
"ZNF519","AluSx4",-0.643467245524335,"AluSx4:ZNF519","negative","young"
"ZNF519","AluSx",-0.617218898689063,"AluSx:ZNF519","negative","young"
"ZNF519","AluSz6",-0.608910114213183,"AluSz6:ZNF519","negative","young"
"ZNF519","AluSz",-0.606162159753123,"AluSz:ZNF519","negative","young"
"ZNF519","AluY",-0.743360999645949,"AluY:ZNF519","negative","young"
"ZNF519","AluYc",-0.768147669890108,"AluYc:ZNF519","negative","young"
"ZNF519","HERVK-int",0.808175702220318,"HERVK-int:ZNF519","positive","young"
"ZNF519","LTR12E",0.689620136013901,"LTR12E:ZNF519","positive","young"
"ZNF519","MER52A",0.683422793315104,"MER52A:ZNF519","positive","young"
"ZNF519","MER52C",0.591268531493912,"MER52C:ZNF519","positive","young"
"ZNF519","MER52D",0.565082977998231,"MER52D:ZNF519","positive","young"
"ZNF519","MER66B",0.755974605659977,"MER66B:ZNF519","positive","young"
"ZNF519","SVA_B",0.528612319638453,"SVA_B:ZNF519","positive","young"
"ZNF519","SVA_C",0.613532458380989,"SVA_C:ZNF519","positive","young"
"ZNF519","SVA_F",0.479854104217275,"SVA_F:ZNF519","positive","young"
"ZNF77","L1M4c",-0.535993246445779,"L1M4c:ZNF77","negative","young"
"ZNF77","L2a",0.472453183119243,"L2a:ZNF77","positive","young"
"ZNF77","LTR26",0.45355666153578,"LTR26:ZNF77","positive","young"
"ZNF77","MER57E1",0.481036691683207,"MER57E1:ZNF77","positive","young"
"ZNF169","MER31B",0.622946141989629,"MER31B:ZNF169","positive","old"
"ZNF169","MER54A",0.846333803192214,"MER54A:ZNF169","positive","old"
"ZNF169","MER89",0.796963808383725,"MER89:ZNF169","positive","old"
"ZNF169","MLT1A",0.811330303992716,"MLT1A:ZNF169","positive","old"
"ZNF169","SVA_A",0.455144502087512,"SVA_A:ZNF169","positive","young"
"ZNF169","SVA_B",0.579565459780947,"SVA_B:ZNF169","positive","young"
"ZNF169","SVA_F",0.453581046640598,"SVA_F:ZNF169","positive","young"
"ZNF135","AluJb",-0.443331508887547,"AluJb:ZNF135","negative","old"
"ZNF135","L1M2",-0.65911887304505,"L1M2:ZNF135","negative","old"
"ZNF135","MLT1K",0.776464335257476,"MLT1K:ZNF135","positive","old"
"ZNF354C","L1ME3",0.530126275874158,"L1ME3:ZNF354C","positive","old"
"ZNF354C","L1PA2",-0.521909833514626,"L1PA2:ZNF354C","negative","old"
"ZNF354C","L1PA3",-0.486236485753085,"L1PA3:ZNF354C","negative","old"
"ZNF354C","L1PA4",-0.533031127622158,"L1PA4:ZNF354C","negative","old"
"ZNF354C","L1PA6",-0.483504925773858,"L1PA6:ZNF354C","negative","old"
"ZNF354C","MLT1B",0.551570901991698,"MLT1B:ZNF354C","positive","old"
"ZNF354C","MSTD",0.574981526215895,"MSTD:ZNF354C","positive","old"
"ZNF154","HERVP71A-int",0.729427844953688,"HERVP71A-int:ZNF154","positive","old"
"ZNF154","L1M2a",-0.551256666781808,"L1M2a:ZNF154","negative","old"
"ZNF154","L1M4",-0.543083317989345,"L1M4:ZNF154","negative","old"
"ZNF154","L1M4c",-0.831325854967604,"L1M4c:ZNF154","negative","old"
"ZNF154","L1MB4",0.493827136177924,"L1MB4:ZNF154","positive","old"
"ZNF154","L1MB5",0.604394705278244,"L1MB5:ZNF154","positive","old"
"ZNF154","L1MB7",0.596311796079508,"L1MB7:ZNF154","positive","old"
"ZNF792","MER89",0.49895508381319,"MER89:ZNF792","positive","old"
"ZNF708","MER57-int",0.462146606522484,"MER57-int:ZNF708","positive","young"
"ZNF320","L1MA9",-0.617477056611159,"L1MA9:ZNF320","negative","young"
"ZNF320","LTR12C",0.715996633071135,"LTR12C:ZNF320","positive","young"
"ZNF320","LTR14",0.64832332274424,"LTR14:ZNF320","positive","young"
"ZNF320","LTR14A",0.533054710266919,"LTR14A:ZNF320","positive","young"
"ZNF320","LTR14B",0.576931088028224,"LTR14B:ZNF320","positive","young"
"ZNF320","LTR25-int",0.64578064739031,"LTR25-int:ZNF320","positive","young"
"ZNF320","LTR5B",0.754621235053614,"LTR5B:ZNF320","positive","young"
"ZNF320","LTR5_Hs",0.734624635578416,"LTR5_Hs:ZNF320","positive","young"
"ZNF320","MER54A",0.733112399895661,"MER54A:ZNF320","positive","young"
"ZNF320","MER9a3",0.691893094894352,"MER9a3:ZNF320","positive","young"
"ZNF320","MSTA",0.681278459577409,"MSTA:ZNF320","positive","young"
"ZNF320","MSTB1",0.676121133149791,"MSTB1:ZNF320","positive","young"
"ZNF320","MSTB2",0.635537120903317,"MSTB2:ZNF320","positive","young"
"ZNF320","MSTB",0.671144473075584,"MSTB:ZNF320","positive","young"
"ZNF530","MER34C2",0.452553166118198,"MER34C2:ZNF530","positive","young"
"ZNF530","MSTA-int",0.658952757121783,"MSTA-int:ZNF530","positive","young"
"ZNF530","THE1B-int",0.700029632402388,"THE1B-int:ZNF530","positive","young"
"ZNF530","THE1C-int",0.677744793313423,"THE1C-int:ZNF530","positive","young"
"ZNF530","THE1D-int",0.67054540468288,"THE1D-int:ZNF530","positive","young"
"ZNF730","SVA_E",-0.472109910416975,"SVA_E:ZNF730","negative","young"
"ZNF479","L1PB2",0.480718075111191,"L1PB2:ZNF479","positive","young"
"ZNF479","MER52-int",0.526190984823161,"MER52-int:ZNF479","positive","young"
"ZNF445","AluSc8",-0.751350837730007,"AluSc8:ZNF445","negative","old"
"ZNF445","AluSc",-0.785945587412925,"AluSc:ZNF445","negative","old"
"ZNF445","AluSg",-0.606396734665862,"AluSg:ZNF445","negative","old"
"ZNF445","AluSp",-0.675988834259405,"AluSp:ZNF445","negative","old"
"ZNF445","AluSx1",-0.650644951869458,"AluSx1:ZNF445","negative","old"
"ZNF445","AluSx3",-0.750702374680857,"AluSx3:ZNF445","negative","old"
"ZNF445","AluY",-0.829687074303004,"AluY:ZNF445","negative","old"
"ZNF445","AluYa8",-0.676967774847901,"AluYa8:ZNF445","negative","young"
"ZNF445","AluYc",-0.870841400937039,"AluYc:ZNF445","negative","old"
"ZNF445","AluYd8",-0.781129475040233,"AluYd8:ZNF445","negative","young"
"ZNF445","LTR12C",0.828046618149075,"LTR12C:ZNF445","positive","young"
"ZNF445","LTR5_Hs",0.829307189959726,"LTR5_Hs:ZNF445","positive","young"
"ZNF445","LTR7B",0.829968748419646,"LTR7B:ZNF445","positive","young"
"ZNF445","MER11A",0.843905110395577,"MER11A:ZNF445","positive","young"
"ZNF445","MER21A",0.875409790408154,"MER21A:ZNF445","positive","old"
"ZNF445","MER8",0.823893312911309,"MER8:ZNF445","positive","old"
"ZNF17","HERVK-int",0.780112051295738,"HERVK-int:ZNF17","positive","old"
"ZNF17","L1P2",-0.684613457616284,"L1P2:ZNF17","negative","old"
"ZNF17","L1P3",-0.58218957366853,"L1P3:ZNF17","negative","old"
"ZNF17","L1PA2",-0.622825708437626,"L1PA2:ZNF17","negative","old"
"ZNF17","L1PA3",-0.515374794299447,"L1PA3:ZNF17","negative","old"
"ZNF17","L1PA4",-0.565656766409667,"L1PA4:ZNF17","negative","old"
"ZNF17","L1PA7",-0.511921133858257,"L1PA7:ZNF17","negative","old"
"ZNF17","MLT2B1",0.546343532300462,"MLT2B1:ZNF17","positive","old"
"ZNF17","MLT2B4",0.66244019443597,"MLT2B4:ZNF17","positive","old"
"ZNF555","L1MCa",-0.521001399605638,"L1MCa:ZNF555","negative","old"
"ZNF197","HAL1",-0.587718615645686,"HAL1:ZNF197","negative","old"
"ZNF197","L1M2a",-0.4455384489812,"L1M2a:ZNF197","negative","old"
"ZNF197","L1MCa",-0.67221307989371,"L1MCa:ZNF197","negative","old"
"ZNF197","L1MCc",-0.477627524932139,"L1MCc:ZNF197","negative","old"
"ZNF197","L1MEg",-0.520866755916934,"L1MEg:ZNF197","negative","old"
"ZFP69B","HERV9-int",0.672090397347953,"HERV9-int:ZFP69B","positive","old"
"ZFP69B","HERVH-int",0.703949238160488,"HERVH-int:ZFP69B","positive","old"
"ZFP69B","HERVK-int",0.736209738417785,"HERVK-int:ZFP69B","positive","old"
"ZFP69B","L1MD",-0.49208338479142,"L1MD:ZFP69B","negative","old"
"ZFP69B","L1PB1",-0.557039736120447,"L1PB1:ZFP69B","negative","old"
"ZFP69B","L2a",0.725596706100561,"L2a:ZFP69B","positive","old"
"ZFP69B","LTR13",0.691533952811134,"LTR13:ZFP69B","positive","young"
"ZFP69B","LTR1D",0.486255817557843,"LTR1D:ZFP69B","positive","young"
"ZFP69B","LTR67B",0.723407720351012,"LTR67B:ZFP69B","positive","old"
"ZFP69B","LTR77",0.611725443421076,"LTR77:ZFP69B","positive","old"
"ZFP69B","MER21C",0.726990708486803,"MER21C:ZFP69B","positive","old"
"ZFP69B","MER52A",0.62499107402669,"MER52A:ZFP69B","positive","old"
"ZFP69B","MLT1A0",0.729274898881745,"MLT1A0:ZFP69B","positive","old"
"ZFP69B","MLT1J",0.709840406621838,"MLT1J:ZFP69B","positive","old"
"ZFP69B","MSTA-int",0.724637550957519,"MSTA-int:ZFP69B","positive","old"
"ZFP69B","MSTB2",0.589085119800651,"MSTB2:ZFP69B","positive","old"
"ZFP69B","THE1B-int",0.730366517014552,"THE1B-int:ZFP69B","positive","old"
"ZFP69B","THE1C-int",0.701644166874262,"THE1C-int:ZFP69B","positive","old"
"ZFP69B","THE1D-int",0.701362860910471,"THE1D-int:ZFP69B","positive","young"
"ZFP69","L1MB5",0.492758838646702,"L1MB5:ZFP69","positive","old"
"ZFP69","L1MCa",-0.45335155705003,"L1MCa:ZFP69","negative","old"
"ZFP69","LTR10B1",0.490841864530406,"LTR10B1:ZFP69","positive","young"
"ZFP69","LTR8",0.468647099532125,"LTR8:ZFP69","positive","young"
"ZFP69","MLT1D",0.479637903827601,"MLT1D:ZFP69","positive","old"
"ZNF383","MLT1J2",-0.468117981318995,"MLT1J2:ZNF383","negative","old"
"ZNF383","MLT1J",-0.481119416358682,"MLT1J:ZNF383","negative","old"
"ZNF383","MLT1L",-0.476048796913569,"MLT1L:ZNF383","negative","old"
"ZNF567","L1MC",0.52867082914854,"L1MC:ZNF567","positive","old"
"ZNF567","L1MCa",-0.460546892644916,"L1MCa:ZNF567","negative","old"
"ZNF567","L1ME3A",0.654058162158664,"L1ME3A:ZNF567","positive","old"
"ZNF567","L1MEd",-0.592582723249794,"L1MEd:ZNF567","negative","old"
"ZNF567","L1MEf",-0.504322340133795,"L1MEf:ZNF567","negative","old"
"ZNF567","L1MEg2",0.465124677351672,"L1MEg2:ZNF567","positive","old"
"ZNF567","L1MEg",-0.498974252362859,"L1MEg:ZNF567","negative","old"
"ZNF567","LTR12D",0.524303086792572,"LTR12D:ZNF567","positive","young"
"ZNF573","LTR22A",-0.466609271614172,"LTR22A:ZNF573","negative","young"
"ZNF573","LTR41",-0.473521753934634,"LTR41:ZNF573","negative","old"
"ZNF573","LTR41B",-0.490331792137686,"LTR41B:ZNF573","negative","old"
"ZNF573","LTR50",-0.473082996091379,"LTR50:ZNF573","negative","old"
"ZNF573","MLT1G",-0.522366083476228,"MLT1G:ZNF573","negative","old"
"ZNF33A","L1M1",-0.68746468065137,"L1M1:ZNF33A","negative","old"
"ZNF33A","L1M3",-0.487013088220302,"L1M3:ZNF33A","negative","old"
"ZNF33A","L1MA2",-0.549402007079456,"L1MA2:ZNF33A","negative","old"
"ZNF33A","L1MEc",-0.651581121061903,"L1MEc:ZNF33A","negative","old"
"ZNF33A","L1MEg",-0.545912548771851,"L1MEg:ZNF33A","negative","old"
"ZNF33A","L1PA2",-0.684616917490237,"L1PA2:ZNF33A","negative","old"
"ZNF33A","LTR10B1",0.651972986270029,"LTR10B1:ZNF33A","positive","young"
"ZNF33A","MER11A",0.801050086848546,"MER11A:ZNF33A","positive","young"
"ZNF33A","MER11B",0.7610461284624,"MER11B:ZNF33A","positive","young"
"ZNF33A","MER11C",0.808644303228014,"MER11C:ZNF33A","positive","young"
"ZNF33A","MER66D",0.452096772953896,"MER66D:ZNF33A","positive","young"
"ZNF33A","MER89",0.718981850390816,"MER89:ZNF33A","positive","old"
"ZNF33A","MLT1G",0.783277672468592,"MLT1G:ZNF33A","positive","old"
"ZNF33A","THE1D",0.690800220959266,"THE1D:ZNF33A","positive","young"
"ZNF79","L1MEb",-0.649567280872193,"L1MEb:ZNF79","negative","old"
"ZNF681","AluYc3",-0.547994209687653,"AluYc3:ZNF681","negative","young"
"ZNF681","LTR19C",0.542621093079924,"LTR19C:ZNF681","positive","young"
"ZNF681","MER61C",-0.601452118454056,"MER61C:ZNF681","negative","young"
"ZNF681","MER61D",0.566968935810334,"MER61D:ZNF681","positive","young"
"ZNF681","MER61E",0.675588545172176,"MER61E:ZNF681","positive","young"
"ZNF765","MSTA-int",-0.594706029332927,"MSTA-int:ZNF765","negative","young"
"ZNF765","THE1A-int",-0.554119628285763,"THE1A-int:ZNF765","negative","young"
"ZNF765","THE1B-int",-0.589221617170776,"THE1B-int:ZNF765","negative","young"
"ZNF765","THE1C-int",-0.535558406483233,"THE1C-int:ZNF765","negative","young"
"ZNF765","THE1D-int",-0.508397073190892,"THE1D-int:ZNF765","negative","young"
"ZNF124","LOR1a",-0.501088984078446,"LOR1a:ZNF124","negative","young"
"ZNF605","L1MC5",-0.459310497887794,"L1MC5:ZNF605","negative","old"
"ZNF605","LTR12E",-0.482403537310581,"LTR12E:ZNF605","negative","young"
"ZNF605","LTR14B",-0.487662761204937,"LTR14B:ZNF605","negative","young"
"ZNF605","MamGypLTR3",-0.47381459095746,"MamGypLTR3:ZNF605","negative","old"
"ZNF605","SVA_D",-0.473160081713481,"SVA_D:ZNF605","negative","young"
"ZNF605","SVA_E",-0.517219739274716,"SVA_E:ZNF605","negative","young"
"ZNF782","HERVK-int",0.811868545715793,"HERVK-int:ZNF782","positive","old"
"ZNF782","L1M4",-0.452040251102156,"L1M4:ZNF782","negative","old"
"ZNF782","L1M4b",-0.692056888167583,"L1M4b:ZNF782","negative","old"
"ZNF782","L1MB7",0.641156399374982,"L1MB7:ZNF782","positive","old"
"ZNF782","L1MEb",-0.591491204088329,"L1MEb:ZNF782","negative","old"
"ZNF782","L1MEf",-0.659029871637318,"L1MEf:ZNF782","negative","old"
"ZNF782","MER21A",0.77031572376494,"MER21A:ZNF782","positive","old"
"ZNF136","HAL1",-0.633876399796481,"HAL1:ZNF136","negative","old"
"ZNF136","L1HS",-0.661336913412094,"L1HS:ZNF136","negative","old"
"ZNF136","L1M1",-0.684512776056691,"L1M1:ZNF136","negative","old"
"ZNF136","L1M2",-0.604563034664179,"L1M2:ZNF136","negative","old"
"ZNF136","L1M2c",-0.699315775649833,"L1M2c:ZNF136","negative","old"
"ZNF136","L1M3c",-0.652412116036242,"L1M3c:ZNF136","negative","old"
"ZNF136","L1M3f",-0.63287014067298,"L1M3f:ZNF136","negative","old"
"ZNF136","L1M4",-0.483584754972589,"L1M4:ZNF136","negative","old"
"ZNF136","L1M4b",-0.714117591751059,"L1M4b:ZNF136","negative","old"
"ZNF136","L1M4c",-0.690444263823048,"L1M4c:ZNF136","negative","old"
"ZNF136","L1MA4",-0.542832409812532,"L1MA4:ZNF136","negative","old"
"ZNF136","L1MA4A",-0.513886143246434,"L1MA4A:ZNF136","negative","old"
"ZNF136","L1MA6",-0.451678992006862,"L1MA6:ZNF136","negative","old"
"ZNF136","L1MB4",0.615133341697637,"L1MB4:ZNF136","positive","old"
"ZNF136","L1MB5",0.689248540555364,"L1MB5:ZNF136","positive","old"
"ZNF136","L1MB7",0.647579913854591,"L1MB7:ZNF136","positive","old"
"ZNF136","L1MB8",0.600822310939263,"L1MB8:ZNF136","positive","old"
"ZNF136","L1MCa",-0.690300608453323,"L1MCa:ZNF136","negative","old"
"ZNF136","L1MCc",-0.445320598346328,"L1MCc:ZNF136","negative","old"
"ZNF136","L1MDa",-0.677224407210912,"L1MDa:ZNF136","negative","old"
"ZNF136","L1ME3",0.578799559292258,"L1ME3:ZNF136","positive","old"
"ZNF136","L1ME3A",0.663139952755515,"L1ME3A:ZNF136","positive","old"
"ZNF136","L1MEc",-0.650496046118239,"L1MEc:ZNF136","negative","old"
"ZNF136","L1MEf",-0.642141492866273,"L1MEf:ZNF136","negative","old"
"ZNF136","L1MEg",-0.545404780766868,"L1MEg:ZNF136","negative","old"
"ZNF136","L1P1",-0.798783730737675,"L1P1:ZNF136","negative","old"
"ZNF136","L1P2",-0.715512908760532,"L1P2:ZNF136","negative","old"
"ZNF136","L1PA10",-0.508321001835126,"L1PA10:ZNF136","negative","old"
"ZNF136","L1PA11",-0.481583001477891,"L1PA11:ZNF136","negative","old"
"ZNF136","L1PA13",-0.557532384267556,"L1PA13:ZNF136","negative","old"
"ZNF136","L1PA14",-0.490750975525245,"L1PA14:ZNF136","negative","old"
"ZNF136","L1PA15-16",-0.471725875340584,"L1PA15-16:ZNF136","negative","old"
"ZNF136","L1PA15",-0.546361587297176,"L1PA15:ZNF136","negative","old"
"ZNF136","L1PA2",-0.665130534141594,"L1PA2:ZNF136","negative","old"
"ZNF136","L1PA3",-0.614763552210649,"L1PA3:ZNF136","negative","old"
"ZNF136","L1PA4",-0.635559379524363,"L1PA4:ZNF136","negative","old"
"ZNF136","L1PA6",-0.585308105977993,"L1PA6:ZNF136","negative","old"
"ZNF136","L1PA7",-0.557214021268835,"L1PA7:ZNF136","negative","old"
"ZNF136","L1PA8",-0.478402008476492,"L1PA8:ZNF136","negative","old"
"ZNF136","L1PA8A",-0.585554432399795,"L1PA8A:ZNF136","negative","old"
"ZNF136","L1PB1",-0.61610895803437,"L1PB1:ZNF136","negative","old"
"ZNF136","L1PB2",-0.51352681520008,"L1PB2:ZNF136","negative","old"
"ZNF136","L1PBa1",-0.551957892054008,"L1PBa1:ZNF136","negative","old"
"ZNF136","L1PBa",-0.637845620384742,"L1PBa:ZNF136","negative","old"
"ZKSCAN5","L2a",0.842524756721711,"L2a:ZKSCAN5","positive","old"
"ZKSCAN5","LTR14B",0.657853987682274,"LTR14B:ZKSCAN5","positive","young"
"ZKSCAN5","MER1A",0.878534975351737,"MER1A:ZKSCAN5","positive","young"
"ZKSCAN5","MSTB1",0.782723845069533,"MSTB1:ZKSCAN5","positive","old"
"ZKSCAN5","MSTB",0.778624970622231,"MSTB:ZKSCAN5","positive","young"
"ZKSCAN5","SVA_B",0.608870796098515,"SVA_B:ZKSCAN5","positive","young"
"ZKSCAN5","SVA_C",0.736484773671186,"SVA_C:ZKSCAN5","positive","young"
"ZKSCAN5","SVA_D",0.839418281550235,"SVA_D:ZKSCAN5","positive","young"
"ZKSCAN5","SVA_E",0.826491344095161,"SVA_E:ZKSCAN5","positive","young"
"ZKSCAN5","SVA_F",0.674513561357229,"SVA_F:ZKSCAN5","positive","young"
"ZNF33B","HUERS-P1-int",0.506281401180222,"HUERS-P1-int:ZNF33B","positive","old"
"ZNF33B","LTR33B",0.692823317146461,"LTR33B:ZNF33B","positive","old"
"ZNF33B","LTR50",0.76012497140277,"LTR50:ZNF33B","positive","old"
"ZNF33B","LTR67B",0.729134464469826,"LTR67B:ZNF33B","positive","old"
"ZNF431","LTR14B",-0.591912341074944,"LTR14B:ZNF431","negative","young"
"ZNF431","LTR33B",-0.444792000709843,"LTR33B:ZNF431","negative","young"
"ZNF431","THE1B",-0.528102281083118,"THE1B:ZNF431","negative","young"
"ZNF418","MER31B",0.701100883863714,"MER31B:ZNF418","positive","old"
"ZNF418","MER49",0.726762170082459,"MER49:ZNF418","positive","old"
"ZNF418","MER72",0.669854918299827,"MER72:ZNF418","positive","young"
"ZNF418","MLT1F1-int",0.68015649128766,"MLT1F1-int:ZNF418","positive","old"
"ZNF418","THE1A",0.763552626304566,"THE1A:ZNF418","positive","young"
"ZNF441","AluSc8",-0.729409260197691,"AluSc8:ZNF441","negative","young"
"ZNF441","AluSc",-0.783713938189504,"AluSc:ZNF441","negative","young"
"ZNF441","AluSg4",-0.695937584140284,"AluSg4:ZNF441","negative","young"
"ZNF441","AluSg7",-0.800244372843081,"AluSg7:ZNF441","negative","young"
"ZNF441","AluSg",-0.696969372666656,"AluSg:ZNF441","negative","young"
"ZNF441","AluSp",-0.691720003882914,"AluSp:ZNF441","negative","young"
"ZNF441","AluSq2",-0.687320719622313,"AluSq2:ZNF441","negative","young"
"ZNF441","AluSx1",-0.71991359871503,"AluSx1:ZNF441","negative","young"
"ZNF441","AluSx3",-0.748758341188551,"AluSx3:ZNF441","negative","young"
"ZNF441","AluSx4",-0.774551588116362,"AluSx4:ZNF441","negative","young"
"ZNF441","AluSx",-0.704964334021027,"AluSx:ZNF441","negative","young"
"ZNF441","AluSz",-0.666684027852905,"AluSz:ZNF441","negative","young"
"ZNF441","AluY",-0.783271419242983,"AluY:ZNF441","negative","young"
"ZNF441","AluYa5",-0.572436500606478,"AluYa5:ZNF441","negative","young"
"ZNF441","AluYa8",-0.647072282596063,"AluYa8:ZNF441","negative","young"
"ZNF441","AluYc3",-0.6397799406576,"AluYc3:ZNF441","negative","young"
"ZNF441","AluYc",-0.826105373234978,"AluYc:ZNF441","negative","young"
"ZNF441","AluYd8",-0.653580603410615,"AluYd8:ZNF441","negative","young"
"ZNF441","AluYg6",-0.719564260071873,"AluYg6:ZNF441","negative","young"
"ZNF441","LOR1a",0.726654890540396,"LOR1a:ZNF441","positive","young"
"ZNF441","MER66B",0.770655383049707,"MER66B:ZNF441","positive","young"
"ZNF257","AluJb",0.51005402507973,"AluJb:ZNF257","positive","young"
"ZNF257","AluJr",0.475766753372338,"AluJr:ZNF257","positive","young"
"ZNF786","AluJb",-0.548118792590399,"AluJb:ZNF786","negative","old"
"ZNF786","AluYc",-0.815602169180264,"AluYc:ZNF786","negative","old"
"ZNF786","HERVK3-int",0.842476596377701,"HERVK3-int:ZNF786","positive","old"
"ZNF786","LTR10B1",0.538068337397134,"LTR10B1:ZNF786","positive","young"
"ZNF786","LTR12C",0.776744052818075,"LTR12C:ZNF786","positive","young"
"ZNF786","LTR12D",0.482652916396082,"LTR12D:ZNF786","positive","young"
"ZNF786","LTR71B",0.514124282898681,"LTR71B:ZNF786","positive","young"
"ZNF786","MER21C",0.830599236419039,"MER21C:ZNF786","positive","old"
"ZNF786","THE1B-int",0.857293050043346,"THE1B-int:ZNF786","positive","old"
"ZNF786","THE1C-int",0.735962058341317,"THE1C-int:ZNF786","positive","old"
"ZNF786","THE1D-int",0.795853568751065,"THE1D-int:ZNF786","positive","young"
"ZNF675","AluYd8",-0.713369627728437,"AluYd8:ZNF675","negative","young"
"ZNF675","LTR13_",0.716319017226256,"LTR13_:ZNF675","positive","young"
"ZNF675","LTR18A",0.502111169475836,"LTR18A:ZNF675","positive","young"
"ZNF675","MST-int",0.548178465407532,"MST-int:ZNF675","positive","young"
"ZNF675","MSTA-int",0.858756924605687,"MSTA-int:ZNF675","positive","young"
"ZNF675","MSTB-int",0.734644731549518,"MSTB-int:ZNF675","positive","young"
"ZNF675","MSTB1-int",0.61371610592509,"MSTB1-int:ZNF675","positive","young"
"ZNF675","MSTC-int",0.530072576580947,"MSTC-int:ZNF675","positive","young"
"ZNF675","MSTD-int",0.680806424767147,"MSTD-int:ZNF675","positive","young"
"ZNF675","THE1-int",0.708344501077468,"THE1-int:ZNF675","positive","young"
"ZNF675","THE1A-int",0.852573793291579,"THE1A-int:ZNF675","positive","young"
"ZNF675","THE1B-int",0.875048226672605,"THE1B-int:ZNF675","positive","young"
"ZNF675","THE1C-int",0.855473820056251,"THE1C-int:ZNF675","positive","young"
"ZNF675","THE1D-int",0.890480654908985,"THE1D-int:ZNF675","positive","young"
"ZNF615","MER68",0.664847989310572,"MER68:ZNF615","positive","old"
"ZNF615","MLT1F",0.652001771659659,"MLT1F:ZNF615","positive","old"
"ZNF433","HUERS-P3-int",0.666466246835703,"HUERS-P3-int:ZNF433","positive","young"
"ZNF433","L1PA13",-0.539433111325873,"L1PA13:ZNF433","negative","young"
"ZNF433","L1PA14",-0.479286086257545,"L1PA14:ZNF433","negative","young"
"ZNF433","L1PA15",-0.525260514956159,"L1PA15:ZNF433","negative","young"
"ZNF433","L1PREC2",-0.463821124922831,"L1PREC2:ZNF433","negative","young"
"ZNF433","MER11A",0.714760231148688,"MER11A:ZNF433","positive","young"
"ZNF460","AluSc8",-0.55710149530437,"AluSc8:ZNF460","negative","old"
"ZNF460","AluSc",-0.574813620688808,"AluSc:ZNF460","negative","old"
"ZNF460","AluSg7",-0.566929582925083,"AluSg7:ZNF460","negative","old"
"ZNF460","AluSg",-0.475387653577469,"AluSg:ZNF460","negative","old"
"ZNF460","AluSp",-0.471595854857401,"AluSp:ZNF460","negative","old"
"ZNF460","AluSq2",-0.472410662702976,"AluSq2:ZNF460","negative","old"
"ZNF460","AluSq",-0.489208088577828,"AluSq:ZNF460","negative","old"
"ZNF460","AluSx3",-0.571917396880396,"AluSx3:ZNF460","negative","old"
"ZNF460","AluSx4",-0.47106163521055,"AluSx4:ZNF460","negative","old"
"ZNF460","AluY",-0.628270471823172,"AluY:ZNF460","negative","old"
"ZNF460","AluYa5",-0.795737252663649,"AluYa5:ZNF460","negative","young"
"ZNF460","AluYc",-0.62769397375375,"AluYc:ZNF460","negative","old"
"ZNF460","AluYg6",-0.65811937623591,"AluYg6:ZNF460","negative","young"
"ZNF81","L1MB5",0.586927566912071,"L1MB5:ZNF81","positive","old"
"ZNF81","L1MB7",0.539408927163105,"L1MB7:ZNF81","positive","old"
"ZNF81","L1MB8",0.526267827390517,"L1MB8:ZNF81","positive","old"
"ZNF81","L1ME3",0.587752156566399,"L1ME3:ZNF81","positive","old"
"ZNF81","L1ME3A",0.627649055338127,"L1ME3A:ZNF81","positive","old"
"ZNF790","LTR33",0.480506644428474,"LTR33:ZNF790","positive","old"
"ZNF273","AluYa5",-0.582538269220288,"AluYa5:ZNF273","negative","young"
"ZNF273","LTR12E",0.646583998357218,"LTR12E:ZNF273","positive","young"
"ZNF273","LTR17",0.532763510990065,"LTR17:ZNF273","positive","young"
"ZNF273","MER52A",0.586513051215355,"MER52A:ZNF273","positive","young"
"ZNF273","MER52C",0.494986396967571,"MER52C:ZNF273","positive","young"
"ZNF273","MLT2B4",0.663589787656184,"MLT2B4:ZNF273","positive","young"
"ZNF84","L1HS",-0.702000451546237,"L1HS:ZNF84","negative","old"
"ZNF84","L1ME3A",0.784483316909512,"L1ME3A:ZNF84","positive","old"
"ZNF84","L1P1",-0.793917743930869,"L1P1:ZNF84","negative","old"
"ZNF84","L1P2",-0.709842055208356,"L1P2:ZNF84","negative","old"
"ZNF84","L1P3",-0.718082924391525,"L1P3:ZNF84","negative","old"
"ZNF84","L1P4",-0.489979136883821,"L1P4:ZNF84","negative","old"
"ZNF84","L1PA10",-0.509130794446587,"L1PA10:ZNF84","negative","old"
"ZNF84","L1PA11",-0.462392252153521,"L1PA11:ZNF84","negative","old"
"ZNF84","L1PA13",-0.526670582254355,"L1PA13:ZNF84","negative","old"
"ZNF84","L1PA14",-0.454368873685977,"L1PA14:ZNF84","negative","old"
"ZNF84","L1PA15",-0.514827125966901,"L1PA15:ZNF84","negative","old"
"ZNF84","L1PA16",-0.477580195833725,"L1PA16:ZNF84","negative","old"
"ZNF84","L1PA2",-0.696054575690198,"L1PA2:ZNF84","negative","old"
"ZNF84","L1PA3",-0.608333977975197,"L1PA3:ZNF84","negative","old"
"ZNF84","L1PA4",-0.617778667318924,"L1PA4:ZNF84","negative","old"
"ZNF84","L1PA6",-0.576169425693926,"L1PA6:ZNF84","negative","old"
"ZNF84","L1PA7",-0.547013046328443,"L1PA7:ZNF84","negative","old"
"ZNF84","L1PA8",-0.473730530754311,"L1PA8:ZNF84","negative","old"
"ZNF84","L1PA8A",-0.530028243360357,"L1PA8A:ZNF84","negative","old"
"ZNF84","L1PB2",-0.500858098986326,"L1PB2:ZNF84","negative","old"
"ZNF649","L1P1",-0.555736693451789,"L1P1:ZNF649","negative","young"
"ZNF649","L1P2",-0.483135517836316,"L1P2:ZNF649","negative","young"
"ZNF649","LTR12C",0.648839704406917,"LTR12C:ZNF649","positive","young"
"ZNF649","LTR12E",0.569961143209662,"LTR12E:ZNF649","positive","young"
"ZNF649","SVA_D",0.490812709533033,"SVA_D:ZNF649","positive","young"
"ZNF649","SVA_E",0.495958993881805,"SVA_E:ZNF649","positive","young"
"ZNF248","L1M1",-0.711704347960911,"L1M1:ZNF248","negative","old"
"ZNF248","L1M2",-0.663180333926699,"L1M2:ZNF248","negative","old"
"ZNF248","L1M2a",-0.483348530185234,"L1M2a:ZNF248","negative","old"
"ZNF248","L1M3",-0.525867029261887,"L1M3:ZNF248","negative","old"
"ZNF248","L1MA2",-0.583951287641398,"L1MA2:ZNF248","negative","old"
"ZNF248","L1MA3",-0.609903700013527,"L1MA3:ZNF248","negative","old"
"ZNF248","L1MA4",-0.609884162511981,"L1MA4:ZNF248","negative","old"
"ZNF248","L1MA4A",-0.579908024911928,"L1MA4A:ZNF248","negative","old"
"ZNF248","L1MA5",-0.507992258546488,"L1MA5:ZNF248","negative","old"
"ZNF248","L1MA6",-0.517784433030647,"L1MA6:ZNF248","negative","old"
"ZNF248","L1MA8",-0.464581902149188,"L1MA8:ZNF248","negative","old"
"ZNF248","L1MA9",-0.444415935102238,"L1MA9:ZNF248","negative","old"
"ZNF248","L1MB4",0.673086359211127,"L1MB4:ZNF248","positive","old"
"ZNF248","L1MB5",0.779285251457302,"L1MB5:ZNF248","positive","old"
"ZNF248","L1MB7",0.731036095719036,"L1MB7:ZNF248","positive","old"
"ZNF248","L1MB8",0.672934597359779,"L1MB8:ZNF248","positive","old"
"ZNF248","L1MCa",-0.721291701837786,"L1MCa:ZNF248","negative","old"
"ZNF248","L1MDa",-0.743698308474679,"L1MDa:ZNF248","negative","old"
"ZNF248","L1ME3A",0.705949255062069,"L1ME3A:ZNF248","positive","old"
"ZNF248","L1P1",-0.79394194573944,"L1P1:ZNF248","negative","old"
"ZNF248","L1P2",-0.723831435510347,"L1P2:ZNF248","negative","old"
"ZNF248","L1P3",-0.759743964812349,"L1P3:ZNF248","negative","old"
"ZNF248","L1P4",-0.587799949434148,"L1P4:ZNF248","negative","old"
"ZNF248","L1PA10",-0.549643799491091,"L1PA10:ZNF248","negative","old"
"ZNF248","L1PA11",-0.55209474648221,"L1PA11:ZNF248","negative","old"
"ZNF248","L1PA13",-0.598450114929222,"L1PA13:ZNF248","negative","old"
"ZNF248","L1PA14",-0.540465960322788,"L1PA14:ZNF248","negative","old"
"ZNF248","L1PA15",-0.60230316437503,"L1PA15:ZNF248","negative","old"
"ZNF248","L1PA4",-0.658463459361392,"L1PA4:ZNF248","negative","old"
"ZNF248","L1PA6",-0.604537891548179,"L1PA6:ZNF248","negative","old"
"ZNF248","L1PA7",-0.586738023591552,"L1PA7:ZNF248","negative","old"
"ZNF248","L1PA8",-0.55491602283425,"L1PA8:ZNF248","negative","old"
"ZNF248","L1PA8A",-0.586339639488419,"L1PA8A:ZNF248","negative","old"
"ZNF248","L1PB1",-0.654289075353442,"L1PB1:ZNF248","negative","old"
"ZNF248","L1PB2",-0.600397730945024,"L1PB2:ZNF248","negative","old"
"ZNF248","L1PB",-0.66220039060533,"L1PB:ZNF248","negative","old"
"ZNF248","L1PBa1",-0.568606903815321,"L1PBa1:ZNF248","negative","old"
"ZNF248","L1PBa",-0.665818094082073,"L1PBa:ZNF248","negative","old"
"ZNF248","L1PREC2",-0.532067385077483,"L1PREC2:ZNF248","negative","old"
"ZNF334","AluSg4",-0.70483078690427,"AluSg4:ZNF334","negative","old"
"ZNF334","AluYa5",-0.620265526666346,"AluYa5:ZNF334","negative","young"
"ZNF334","ERVL-B4-int",0.836131796600866,"ERVL-B4-int:ZNF334","positive","old"
"ZNF334","ERVL-E-int",0.78401524427187,"ERVL-E-int:ZNF334","positive","old"
"ZNF334","LTR13",0.841657829690766,"LTR13:ZNF334","positive","young"
"ZNF334","LTR41B",0.673041479329732,"LTR41B:ZNF334","positive","old"
"ZNF334","SVA_B",0.513291837857359,"SVA_B:ZNF334","positive","young"
"ZNF334","SVA_D",0.707828280025595,"SVA_D:ZNF334","positive","young"
"ZNF334","SVA_E",0.754215361043222,"SVA_E:ZNF334","positive","young"
"ZNF334","SVA_F",0.514998131294705,"SVA_F:ZNF334","positive","young"
"ZNF485","ERVL-B4-int",0.448066232165627,"ERVL-B4-int:ZNF485","positive","old"
"ZNF485","L1MC1",-0.46580713020748,"L1MC1:ZNF485","negative","old"
"ZNF485","L1PA12",-0.456557749704464,"L1PA12:ZNF485","negative","old"
"ZNF485","MER20",0.45152788038212,"MER20:ZNF485","positive","old"
"ZNF442","LOR1a",0.501012778859467,"LOR1a:ZNF442","positive","young"
"ZNF69","LTR13",-0.443751724942136,"LTR13:ZNF69","negative","young"
"ZNF587","HERVK-int",0.829594168078305,"HERVK-int:ZNF587","positive","young"
"ZNF587","HERVK14-int",0.665874183459903,"HERVK14-int:ZNF587","positive","young"
"ZNF587","HERVK3-int",0.776444114212747,"HERVK3-int:ZNF587","positive","young"
"ZNF587","HERVK9-int",0.820246372559792,"HERVK9-int:ZNF587","positive","young"
"ZNF587","LTR10B1",0.739245247732725,"LTR10B1:ZNF587","positive","young"
"ZNF587","LTR10C",0.814495348806201,"LTR10C:ZNF587","positive","young"
"ZNF587","LTR13",0.810484714671084,"LTR13:ZNF587","positive","young"
"ZNF587","LTR13_",0.801463385718338,"LTR13_:ZNF587","positive","young"
"ZNF587","LTR14",0.745003820499328,"LTR14:ZNF587","positive","young"
"ZNF587","LTR14A",0.515545975281165,"LTR14A:ZNF587","positive","young"
"ZNF587","LTR14B",0.58402241307557,"LTR14B:ZNF587","positive","young"
"ZNF587","LTR5B",0.847314709966231,"LTR5B:ZNF587","positive","young"
"ZNF587","LTR5_Hs",0.764825438970527,"LTR5_Hs:ZNF587","positive","young"
"ZNF587","MER34C2",0.699648547935659,"MER34C2:ZNF587","positive","young"
"ZNF587","MER61-int",0.465195848325111,"MER61-int:ZNF587","positive","young"
"ZNF587","MER66C",0.698668877959575,"MER66C:ZNF587","positive","young"
"ZNF587","MER9a3",0.743747060883134,"MER9a3:ZNF587","positive","young"
"ZNF587","MamGypLTR3",0.785730940106453,"MamGypLTR3:ZNF587","positive","young"
"ZNF627","MER34C2",0.645786177556569,"MER34C2:ZNF627","positive","old"
"ZNF627","MER9a3",0.774807772559433,"MER9a3:ZNF627","positive","young"
"ZNF627","Tigger1",0.751608480006114,"Tigger1:ZNF627","positive","old"
"ZNF468","HERVK9-int",0.449109648441735,"HERVK9-int:ZNF468","positive","young"
"ZNF468","LTR12E",0.50867065899982,"LTR12E:ZNF468","positive","young"
"ZNF468","LTR17",0.483784574802739,"LTR17:ZNF468","positive","young"
"ZNF468","LTR7B",0.554816852282351,"LTR7B:ZNF468","positive","young"
"ZNF468","LTR7Y",0.448224554430319,"LTR7Y:ZNF468","positive","young"
"ZNF468","MER11A",0.511731823380669,"MER11A:ZNF468","positive","young"
"ZNF468","MER72",0.473352472095231,"MER72:ZNF468","positive","young"
"ZNF468","SVA_B",0.505103890792091,"SVA_B:ZNF468","positive","young"
"ZNF468","SVA_D",0.551596403010621,"SVA_D:ZNF468","positive","young"
"ZNF468","SVA_F",0.542173447203278,"SVA_F:ZNF468","positive","young"
"ZNF468","THE1A-int",0.504698204784038,"THE1A-int:ZNF468","positive","young"
"ZNF468","THE1B-int",0.495503100068809,"THE1B-int:ZNF468","positive","young"
"ZNF468","THE1C-int",0.535808400331259,"THE1C-int:ZNF468","positive","young"
"ZNF425","L1HS",-0.625641035204841,"L1HS:ZNF425","negative","old"
"ZNF425","L1M1",-0.600398117789107,"L1M1:ZNF425","negative","old"
"ZNF425","L1MA3",-0.543219896843187,"L1MA3:ZNF425","negative","old"
"ZNF425","L1P1",-0.730066488269708,"L1P1:ZNF425","negative","old"
"ZNF425","L1P2",-0.657340816632863,"L1P2:ZNF425","negative","old"
"ZNF425","L1PA2",-0.575922898240137,"L1PA2:ZNF425","negative","old"
"ZNF425","L1PA3",-0.461400476089031,"L1PA3:ZNF425","negative","old"
"ZNF425","L1PA4",-0.495798861276421,"L1PA4:ZNF425","negative","old"
"ZNF425","L1PA6",-0.460676778804541,"L1PA6:ZNF425","negative","old"
"ZNF425","L1PA7",-0.455683642370652,"L1PA7:ZNF425","negative","old"
"ZNF425","LTR13",0.79436616897324,"LTR13:ZNF425","positive","young"
"ZNF425","LTR13_",0.674848776599483,"LTR13_:ZNF425","positive","old"
"ZNF425","LTR26",0.706765381547005,"LTR26:ZNF425","positive","old"
"ZNF425","LTR41B",0.735708541142854,"LTR41B:ZNF425","positive","old"
"ZNF425","LTR55",0.681001193677651,"LTR55:ZNF425","positive","old"
"ZNF425","LTR5_Hs",0.778618921772372,"LTR5_Hs:ZNF425","positive","young"
"ZNF425","LTR71B",0.656159465348005,"LTR71B:ZNF425","positive","young"
"ZNF425","MER11B",0.830074484462351,"MER11B:ZNF425","positive","young"
"ZNF425","MLT1A1",0.88116335760112,"MLT1A1:ZNF425","positive","old"
"ZNF425","MSTB1",0.857863154909061,"MSTB1:ZNF425","positive","old"
"ZNF736","HUERS-P3b-int",0.775092341277076,"HUERS-P3b-int:ZNF736","positive","young"
"ZNF736","LTR12C",0.765710226089291,"LTR12C:ZNF736","positive","young"
"ZNF736","LTR12D",0.684633413017901,"LTR12D:ZNF736","positive","young"
"ZNF736","LTR14B",0.490799413480393,"LTR14B:ZNF736","positive","young"
"ZNF736","LTR1C",0.686733141132713,"LTR1C:ZNF736","positive","young"
"ZNF736","LTR1D",0.722121230078267,"LTR1D:ZNF736","positive","young"
"ZNF736","LTR25-int",0.744611152130301,"LTR25-int:ZNF736","positive","young"
"ZNF736","LTR27B",0.681693784737132,"LTR27B:ZNF736","positive","young"
"ZNF736","LTR9",0.742317322180643,"LTR9:ZNF736","positive","young"
"ZNF736","MER11D",0.639824333439704,"MER11D:ZNF736","positive","young"
"ZNF736","MER52A",0.759765963305529,"MER52A:ZNF736","positive","young"
"ZNF736","MER52C",0.740489602767221,"MER52C:ZNF736","positive","young"
"ZNF736","MER52D",0.586155672078027,"MER52D:ZNF736","positive","young"
"ZNF736","MER57E1",0.564494041351173,"MER57E1:ZNF736","positive","young"
"ZNF736","MER68",0.677205882637268,"MER68:ZNF736","positive","young"
"ZNF736","MER9a2",0.632241404728476,"MER9a2:ZNF736","positive","young"
"ZNF736","MER9a3",0.650832253410803,"MER9a3:ZNF736","positive","young"
"ZNF736","MLT1J1",0.687016845824012,"MLT1J1:ZNF736","positive","young"
"ZNF736","MLT1J2",0.735576149410507,"MLT1J2:ZNF736","positive","young"
"ZNF736","MSTA-int",0.698587270815524,"MSTA-int:ZNF736","positive","young"
"ZNF736","SVA_D",0.569076692821821,"SVA_D:ZNF736","positive","young"
"ZNF736","SVA_E",0.572322311056954,"SVA_E:ZNF736","positive","young"
"ZNF736","SVA_F",0.502936829651898,"SVA_F:ZNF736","positive","young"
"ZNF737","HERVK14-int",0.635741890677703,"HERVK14-int:ZNF737","positive","young"
"ZNF324B","Tigger2",0.645439212093399,"Tigger2:ZNF324B","positive","old"
"ZNF564","MLT1A0",-0.445693384280023,"MLT1A0:ZNF564","negative","old"
"ZNF564","MLT1A1",-0.533597362416637,"MLT1A1:ZNF564","negative","old"
"ZNF564","MLT1A",-0.463601711502652,"MLT1A:ZNF564","negative","old"
"ZNF564","MLT1B",-0.465101910392942,"MLT1B:ZNF564","negative","old"
"ZNF564","MSTC",-0.479797390599895,"MSTC:ZNF564","negative","old"
"ZNF564","MSTD",-0.509956892940791,"MSTD:ZNF564","negative","old"
"ZNF432","HERVK3-int",-0.480293281423166,"HERVK3-int:ZNF432","negative","old"
"ZNF432","L1M4",0.484705660140565,"L1M4:ZNF432","positive","old"
"ZNF432","MER57C1",-0.639233938622465,"MER57C1:ZNF432","negative","old"
"ZNF10","L1M4",-0.555246154630955,"L1M4:ZNF10","negative","old"
"ZNF10","L1MB4",0.628863756604175,"L1MB4:ZNF10","positive","old"
"ZNF10","L1MB5",0.676251990186515,"L1MB5:ZNF10","positive","old"
"ZNF10","L1MB7",0.709220417184689,"L1MB7:ZNF10","positive","old"
"ZNF10","L1MB8",0.665403837078075,"L1MB8:ZNF10","positive","old"
"ZNF10","L1ME3",0.737116465641519,"L1ME3:ZNF10","positive","old"
"ZNF10","L1ME3A",0.724706621832687,"L1ME3A:ZNF10","positive","old"
"ZNF10","L1MEd",-0.512433155239652,"L1MEd:ZNF10","negative","old"
"ZNF10","L1P1",-0.861629186670946,"L1P1:ZNF10","negative","old"
"ZNF10","L1P3",-0.780570970523357,"L1P3:ZNF10","negative","old"
"ZNF10","L1PA10",-0.558284793133589,"L1PA10:ZNF10","negative","old"
"ZNF10","L1PA11",-0.541343554823754,"L1PA11:ZNF10","negative","old"
"ZNF10","L1PA13",-0.614635974280275,"L1PA13:ZNF10","negative","old"
"ZNF10","L1PA14",-0.51982868105225,"L1PA14:ZNF10","negative","old"
"ZNF10","L1PA15",-0.606063019761069,"L1PA15:ZNF10","negative","old"
"ZNF10","L1PA3",-0.683308869379442,"L1PA3:ZNF10","negative","old"
"ZNF10","L1PA4",-0.696632242695623,"L1PA4:ZNF10","negative","old"
"ZNF10","L1PA5",-0.447628006041705,"L1PA5:ZNF10","negative","old"
"ZNF10","L1PA6",-0.635520921219023,"L1PA6:ZNF10","negative","old"
"ZNF10","L1PA7",-0.66560849210821,"L1PA7:ZNF10","negative","old"
"ZNF10","L1PA8",-0.535100276152445,"L1PA8:ZNF10","negative","old"
"ZNF10","L1PREC2",-0.524391329153202,"L1PREC2:ZNF10","negative","old"
"ZNF10","MLT1B",0.842589795559706,"MLT1B:ZNF10","positive","old"
"ZNF225","AluSp",-0.642492514253334,"AluSp:ZNF225","negative","old"
"ZNF225","L1M1",-0.548782397252468,"L1M1:ZNF225","negative","old"
"ZNF225","L1M2",-0.48152525644745,"L1M2:ZNF225","negative","old"
"ZNF225","L1M3c",-0.549799661589444,"L1M3c:ZNF225","negative","old"
"ZNF225","L1M3f",-0.488938952423628,"L1M3f:ZNF225","negative","old"
"ZNF225","L1MB4",0.556595192555466,"L1MB4:ZNF225","positive","old"
"ZNF225","MER61-int",0.463896700362268,"MER61-int:ZNF225","positive","young"
"ZNF285","LTR12D",0.451492876010957,"LTR12D:ZNF285","positive","young"
"ZNF2","HUERS-P3-int",0.505509827990266,"HUERS-P3-int:ZNF2","positive","old"
"ZNF2","HUERS-P3b-int",0.580062794885608,"HUERS-P3b-int:ZNF2","positive","old"
"ZNF2","LTR12C",0.553909994026051,"LTR12C:ZNF2","positive","young"
"ZNF2","LTR12E",0.483831496816543,"LTR12E:ZNF2","positive","young"
"ZNF2","LTR13",0.585430083836986,"LTR13:ZNF2","positive","young"
"ZNF2","LTR13_",0.572373513799616,"LTR13_:ZNF2","positive","old"
"ZNF2","LTR41B",0.485430119251884,"LTR41B:ZNF2","positive","old"
"ZNF2","LTR50",0.549398929702656,"LTR50:ZNF2","positive","old"
"ZNF2","MSTA-int",0.557014981532432,"MSTA-int:ZNF2","positive","old"
"ZNF2","MamGypLTR3",0.504732864023632,"MamGypLTR3:ZNF2","positive","old"
"ZNF2","Tigger16a",0.592641961703603,"Tigger16a:ZNF2","positive","old"
